precipitation,temperature,humidity,label
0.7,19.7,96.0,Tidak Disiram
1.0,19.5,96.0,Tidak Disiram
0.1,19.3,96.0,Disiram sedikit
0.9,19.1,97.0,Tidak Disiram
0.1,19.4,96.0,Disiram sedikit
0.0,19.4,96.0,Disiram sedikit
0.0,19.7,96.0,Disiram sedikit
0.0,20.7,93.0,Disiram sedikit
0.0,23.1,83.0,Disiram sedikit
0.5,24.9,76.0,Tidak Disiram
1.1,25.9,73.0,Tidak Disiram
1.1,26.1,74.0,Tidak Disiram
1.4,26.1,74.0,Tidak Disiram
1.9,25.9,76.0,Tidak Disiram
2.0,25.1,79.0,Tidak Disiram
1.8,24.0,83.0,Tidak Disiram
1.2,22.4,91.0,Tidak Disiram
1.6,21.5,93.0,Tidak Disiram
2.8,20.9,92.0,Tidak Disiram
1.5,20.2,94.0,Tidak Disiram
0.0,19.8,96.0,Disiram sedikit
0.0,19.7,96.0,Disiram sedikit
0.0,19.5,96.0,Disiram sedikit
0.0,19.4,96.0,Disiram sedikit
0.0,19.2,96.0,Disiram sedikit
0.0,18.9,96.0,Disiram sedikit
0.0,18.8,95.0,Disiram sedikit
0.0,18.7,95.0,Disiram sedikit
0.0,18.6,95.0,Disiram sedikit
0.0,18.5,95.0,Disiram sedikit
0.0,18.5,95.0,Disiram sedikit
0.0,19.9,93.0,Disiram sedikit
0.0,21.9,84.0,Disiram sedikit
0.0,24.1,73.0,Disiram sedikit
0.0,26.3,60.0,Disiram Normal
0.0,27.8,53.0,Disiram Normal
0.0,28.9,48.0,Disiram Banyak
0.0,29.1,46.0,Disiram Banyak
0.0,28.8,48.0,Disiram Banyak
0.0,28.1,51.0,Disiram sedikit
0.2,25.5,67.0,Disiram sedikit
0.2,23.3,80.0,Disiram sedikit
0.1,21.9,86.0,Disiram sedikit
0.1,20.9,90.0,Disiram sedikit
0.0,20.3,94.0,Disiram sedikit
0.0,20.0,94.0,Disiram sedikit
0.0,19.6,96.0,Disiram sedikit
0.0,19.3,96.0,Disiram sedikit
0.0,19.1,96.0,Disiram sedikit
0.0,18.8,96.0,Disiram sedikit
0.0,18.6,96.0,Disiram sedikit
0.0,18.4,95.0,Disiram sedikit
0.0,18.1,95.0,Disiram sedikit
0.0,17.8,95.0,Disiram sedikit
0.0,17.7,94.0,Disiram sedikit
0.0,19.3,89.0,Disiram sedikit
0.0,21.5,79.0,Disiram sedikit
0.0,24.2,67.0,Disiram sedikit
0.0,26.1,59.0,Disiram Normal
0.0,26.9,55.0,Disiram Normal
0.0,26.6,53.0,Disiram Normal
0.0,26.6,51.0,Disiram Normal
0.0,26.6,51.0,Disiram Normal
0.0,25.9,60.0,Disiram Normal
0.0,25.5,61.0,Disiram Normal
0.0,28.3,44.0,Disiram Banyak
0.0,26.9,52.0,Disiram Normal
0.0,25.7,61.0,Disiram Normal
0.0,24.1,71.0,Disiram sedikit
0.0,23.0,76.0,Disiram sedikit
0.0,22.3,77.0,Disiram sedikit
0.0,21.7,78.0,Disiram sedikit
0.0,21.1,79.0,Disiram sedikit
0.0,20.6,79.0,Disiram sedikit
0.0,20.3,79.0,Disiram sedikit
0.0,20.0,78.0,Disiram sedikit
0.0,19.8,77.0,Disiram sedikit
0.0,19.6,78.0,Disiram sedikit
0.0,19.5,80.0,Disiram sedikit
0.0,20.5,77.0,Disiram sedikit
0.0,23.0,67.0,Disiram sedikit
0.0,25.3,59.0,Disiram Normal
0.0,27.3,51.0,Disiram Normal
0.0,28.9,45.0,Disiram Banyak
0.0,29.8,41.0,Disiram Banyak
0.0,30.5,38.0,Disiram Banyak
0.0,30.7,37.0,Disiram Banyak
0.0,30.4,38.0,Disiram Banyak
0.0,30.0,39.0,Disiram Banyak
0.0,28.8,45.0,Disiram Banyak
0.0,26.5,59.0,Disiram Normal
0.1,24.3,68.0,Disiram sedikit
0.0,23.3,71.0,Disiram sedikit
0.0,22.4,75.0,Disiram sedikit
0.0,21.6,78.0,Disiram sedikit
0.0,21.1,81.0,Disiram sedikit
0.0,20.7,82.0,Disiram sedikit
0.0,20.2,84.0,Disiram sedikit
0.0,19.9,86.0,Disiram sedikit
0.0,19.6,87.0,Disiram sedikit
0.0,19.2,88.0,Disiram sedikit
0.0,18.9,87.0,Disiram sedikit
0.0,18.6,88.0,Disiram sedikit
0.0,20.1,82.0,Disiram sedikit
0.0,23.2,70.0,Disiram sedikit
0.0,25.7,62.0,Disiram Normal
0.0,27.1,55.0,Disiram Normal
0.0,28.5,50.0,Disiram sedikit
0.0,29.4,45.0,Disiram Banyak
0.0,30.2,41.0,Disiram Banyak
0.0,30.3,40.0,Disiram Banyak
0.0,28.8,49.0,Disiram Banyak
0.7,26.0,68.0,Disiram sedikit
1.6,25.4,73.0,Tidak Disiram
0.8,24.8,75.0,Tidak Disiram
0.6,24.2,79.0,Tidak Disiram
0.4,23.5,82.0,Tidak Disiram
0.0,23.1,84.0,Disiram sedikit
0.0,22.5,85.0,Disiram sedikit
0.0,21.8,86.0,Disiram sedikit
0.0,21.1,87.0,Disiram sedikit
0.0,21.1,88.0,Disiram sedikit
0.0,20.6,89.0,Disiram sedikit
0.0,20.2,91.0,Disiram sedikit
0.0,19.9,92.0,Disiram sedikit
0.0,19.6,94.0,Disiram sedikit
0.0,19.5,94.0,Disiram sedikit
0.0,20.7,88.0,Disiram sedikit
0.0,23.3,77.0,Disiram sedikit
0.0,25.3,67.0,Disiram Normal
0.0,27.3,58.0,Disiram Normal
0.0,28.6,51.0,Disiram sedikit
0.0,29.3,47.0,Disiram Banyak
0.0,28.8,50.0,Disiram sedikit
0.5,27.4,61.0,Disiram sedikit
1.3,26.3,68.0,Disiram sedikit
1.1,25.8,72.0,Tidak Disiram
0.6,25.5,74.0,Tidak Disiram
1.7,24.6,78.0,Tidak Disiram
0.9,23.7,81.0,Tidak Disiram
0.7,23.3,84.0,Tidak Disiram
0.2,22.8,87.0,Disiram sedikit
0.2,22.3,89.0,Disiram sedikit
0.0,22.0,91.0,Disiram sedikit
0.0,21.8,92.0,Disiram sedikit
0.0,21.4,92.0,Disiram sedikit
0.0,21.1,92.0,Disiram sedikit
0.0,20.9,92.0,Disiram sedikit
0.0,20.5,92.0,Disiram sedikit
0.0,20.1,93.0,Disiram sedikit
0.0,19.7,93.0,Disiram sedikit
0.0,21.0,87.0,Disiram sedikit
0.0,22.8,77.0,Disiram sedikit
0.0,24.8,68.0,Disiram sedikit
0.0,26.5,62.0,Disiram Normal
0.0,27.7,55.0,Disiram Normal
0.0,28.2,52.0,Disiram sedikit
0.0,28.2,54.0,Disiram sedikit
0.0,28.5,51.0,Disiram sedikit
0.0,27.7,56.0,Disiram Normal
0.1,27.1,60.0,Disiram sedikit
0.0,26.6,62.0,Disiram Normal
0.0,25.8,66.0,Disiram Normal
0.0,24.0,74.0,Disiram sedikit
0.0,23.2,79.0,Disiram sedikit
0.0,22.5,82.0,Disiram sedikit
0.0,22.0,84.0,Disiram sedikit
0.0,21.5,86.0,Disiram sedikit
0.0,21.0,87.0,Disiram sedikit
0.0,20.7,88.0,Disiram sedikit
0.0,20.2,90.0,Disiram sedikit
0.0,20.0,90.0,Disiram sedikit
0.0,19.7,92.0,Disiram sedikit
0.0,19.4,93.0,Disiram sedikit
0.0,19.3,94.0,Disiram sedikit
0.0,20.5,88.0,Disiram sedikit
0.0,23.3,75.0,Disiram sedikit
0.0,25.4,66.0,Disiram Normal
0.0,26.9,59.0,Disiram Normal
0.0,27.9,54.0,Disiram Normal
0.0,28.4,51.0,Disiram sedikit
0.0,29.0,48.0,Disiram Banyak
0.0,27.9,57.0,Disiram Normal
0.1,27.3,62.0,Disiram sedikit
0.0,26.9,64.0,Disiram Normal
0.6,25.8,71.0,Tidak Disiram
1.7,25.2,75.0,Tidak Disiram
0.3,24.5,75.0,Tidak Disiram
0.0,24.0,79.0,Disiram sedikit
0.0,23.3,83.0,Disiram sedikit
0.0,22.5,86.0,Disiram sedikit
0.0,22.0,88.0,Disiram sedikit
0.0,21.6,89.0,Disiram sedikit
0.0,21.7,89.0,Disiram sedikit
0.0,21.3,90.0,Disiram sedikit
0.0,21.0,91.0,Disiram sedikit
0.0,20.7,92.0,Disiram sedikit
0.0,20.5,92.0,Disiram sedikit
0.0,20.4,92.0,Disiram sedikit
0.0,21.5,86.0,Disiram sedikit
0.0,23.6,77.0,Disiram sedikit
0.0,25.7,68.0,Disiram Normal
0.0,27.5,57.0,Disiram Normal
0.0,28.2,53.0,Disiram sedikit
0.0,28.7,51.0,Disiram sedikit
0.0,27.7,57.0,Disiram Normal
0.0,27.7,57.0,Disiram Normal
0.0,27.1,60.0,Disiram Normal
0.0,26.6,62.0,Disiram Normal
0.0,25.8,66.0,Disiram Normal
0.0,24.8,71.0,Disiram sedikit
0.0,24.0,74.0,Disiram sedikit
0.0,23.2,79.0,Disiram sedikit
0.0,22.4,83.0,Disiram sedikit
0.0,21.9,86.0,Disiram sedikit
0.0,21.4,88.0,Disiram sedikit
0.0,20.8,91.0,Disiram sedikit
0.0,20.0,92.0,Disiram sedikit
0.0,19.6,93.0,Disiram sedikit
0.0,19.5,93.0,Disiram sedikit
0.0,19.4,93.0,Disiram sedikit
0.0,19.2,93.0,Disiram sedikit
0.0,19.2,92.0,Disiram sedikit
0.0,20.2,87.0,Disiram sedikit
0.0,22.9,75.0,Disiram sedikit
0.0,25.3,67.0,Disiram Normal
0.0,27.1,60.0,Disiram Normal
0.0,28.4,54.0,Disiram sedikit
0.0,29.4,51.0,Disiram sedikit
0.0,29.2,53.0,Disiram sedikit
0.0,29.0,54.0,Disiram sedikit
0.0,28.6,56.0,Disiram sedikit
0.2,27.6,61.0,Disiram sedikit
0.2,26.8,65.0,Disiram sedikit
0.1,25.7,70.0,Disiram sedikit
0.5,24.2,76.0,Tidak Disiram
0.1,23.5,81.0,Disiram sedikit
0.0,23.3,83.0,Disiram sedikit
0.0,22.9,86.0,Disiram sedikit
0.0,22.3,90.0,Disiram sedikit
0.0,21.8,92.0,Disiram sedikit
0.0,21.4,92.0,Disiram sedikit
0.0,20.9,93.0,Disiram sedikit
0.0,20.4,93.0,Disiram sedikit
0.0,19.9,94.0,Disiram sedikit
0.0,19.5,94.0,Disiram sedikit
0.0,19.1,94.0,Disiram sedikit
0.0,20.7,83.0,Disiram sedikit
0.0,23.8,70.0,Disiram sedikit
0.0,26.6,60.0,Disiram Normal
0.0,28.7,54.0,Disiram sedikit
0.0,30.0,50.0,Disiram sedikit
0.0,30.9,46.0,Disiram Banyak
0.0,31.3,44.0,Disiram Banyak
0.0,31.5,43.0,Disiram Banyak
0.0,31.2,42.0,Disiram Banyak
0.0,30.7,43.0,Disiram Banyak
0.0,29.6,48.0,Disiram Banyak
0.0,28.0,56.0,Disiram sedikit
0.0,27.3,62.0,Disiram Normal
0.0,25.6,70.0,Disiram sedikit
0.0,24.0,78.0,Disiram sedikit
0.0,22.8,82.0,Disiram sedikit
0.0,21.8,83.0,Disiram sedikit
0.0,20.9,85.0,Disiram sedikit
0.0,19.5,87.0,Disiram sedikit
0.0,18.8,89.0,Disiram sedikit
0.0,18.7,86.0,Disiram sedikit
0.0,19.0,81.0,Disiram sedikit
0.0,18.9,79.0,Disiram sedikit
0.0,18.8,78.0,Disiram sedikit
0.0,20.1,78.0,Disiram sedikit
0.0,23.4,66.0,Disiram sedikit
0.0,25.7,62.0,Disiram Normal
0.0,27.8,56.0,Disiram Normal
0.0,29.6,49.0,Disiram Banyak
0.0,30.9,43.0,Disiram Banyak
0.0,31.5,38.0,Disiram Banyak
0.0,31.6,36.0,Disiram Banyak
0.0,31.9,34.0,Disiram Banyak
0.0,31.5,35.0,Disiram Banyak
0.0,29.9,41.0,Disiram Banyak
0.0,28.0,51.0,Disiram sedikit
0.0,26.4,60.0,Disiram Normal
0.0,24.7,72.0,Disiram sedikit
0.1,23.8,79.0,Disiram sedikit
0.0,23.3,82.0,Disiram sedikit
0.0,22.5,85.0,Disiram sedikit
0.0,21.5,88.0,Disiram sedikit
0.0,20.7,88.0,Disiram sedikit
0.0,20.0,84.0,Disiram sedikit
0.0,19.0,80.0,Disiram sedikit
0.0,18.0,76.0,Disiram sedikit
0.0,17.3,73.0,Disiram sedikit
0.0,16.7,73.0,Disiram sedikit
0.0,19.2,64.0,Disiram sedikit
0.0,22.6,53.0,Disiram sedikit
0.0,25.7,48.0,Disiram sedikit
0.0,28.2,41.0,Disiram Banyak
0.0,30.1,35.0,Disiram Banyak
0.0,31.0,32.0,Disiram Banyak
0.0,31.1,36.0,Disiram Banyak
0.0,31.7,34.0,Disiram Banyak
0.0,30.5,38.0,Disiram Banyak
0.0,28.3,50.0,Disiram sedikit
0.5,25.9,66.0,Disiram sedikit
1.1,24.7,76.0,Tidak Disiram
1.5,24.0,77.0,Tidak Disiram
1.2,23.4,81.0,Tidak Disiram
0.7,22.9,83.0,Tidak Disiram
0.2,22.5,85.0,Disiram sedikit
0.0,22.0,88.0,Disiram sedikit
0.0,21.6,88.0,Disiram sedikit
0.0,21.2,89.0,Disiram sedikit
0.0,20.9,89.0,Disiram sedikit
0.0,20.7,89.0,Disiram sedikit
0.0,20.3,91.0,Disiram sedikit
0.0,19.9,91.0,Disiram sedikit
0.0,19.7,91.0,Disiram sedikit
0.0,21.0,85.0,Disiram sedikit
0.0,23.8,67.0,Disiram sedikit
0.0,26.0,59.0,Disiram Normal
0.0,27.7,52.0,Disiram Normal
0.0,29.0,48.0,Disiram Banyak
0.0,29.8,46.0,Disiram Banyak
0.0,30.5,41.0,Disiram Banyak
0.0,30.9,39.0,Disiram Banyak
0.0,30.4,41.0,Disiram Banyak
0.0,27.8,58.0,Disiram Normal
0.1,26.0,69.0,Disiram sedikit
0.0,25.2,71.0,Disiram sedikit
0.1,23.5,76.0,Disiram sedikit
0.3,22.5,84.0,Tidak Disiram
0.6,22.1,86.0,Tidak Disiram
0.2,22.0,87.0,Disiram sedikit
0.0,21.8,89.0,Disiram sedikit
0.0,21.8,89.0,Disiram sedikit
0.0,21.1,94.0,Disiram sedikit
0.0,21.0,94.0,Disiram sedikit
0.0,21.0,93.0,Disiram sedikit
0.0,20.8,93.0,Disiram sedikit
0.0,20.6,94.0,Disiram sedikit
0.0,20.3,95.0,Disiram sedikit
0.0,21.3,91.0,Disiram sedikit
0.0,23.6,79.0,Disiram sedikit
0.0,25.6,69.0,Disiram Normal
0.0,27.2,60.0,Disiram Normal
0.0,28.5,52.0,Disiram sedikit
0.0,29.6,47.0,Disiram Banyak
0.0,29.8,47.0,Disiram Banyak
0.0,28.8,54.0,Disiram sedikit
0.1,27.8,61.0,Disiram sedikit
0.2,27.4,63.0,Disiram sedikit
0.0,27.1,64.0,Disiram Normal
0.1,25.7,72.0,Disiram sedikit
0.0,25.5,72.0,Disiram sedikit
0.0,24.3,81.0,Disiram sedikit
0.0,23.3,86.0,Disiram sedikit
0.0,22.8,88.0,Disiram sedikit
0.0,22.3,89.0,Disiram sedikit
0.0,21.9,89.0,Disiram sedikit
0.0,21.7,88.0,Disiram sedikit
0.0,21.3,89.0,Disiram sedikit
0.0,21.0,88.0,Disiram sedikit
0.0,20.6,88.0,Disiram sedikit
0.0,20.1,88.0,Disiram sedikit
0.0,19.8,88.0,Disiram sedikit
0.0,21.2,80.0,Disiram sedikit
0.0,24.0,65.0,Disiram sedikit
0.0,26.4,57.0,Disiram Normal
0.0,28.2,52.0,Disiram sedikit
0.0,29.2,48.0,Disiram Banyak
0.0,30.3,45.0,Disiram Banyak
0.0,30.5,45.0,Disiram Banyak
0.0,29.8,47.0,Disiram Banyak
0.0,28.5,54.0,Disiram sedikit
0.1,27.7,57.0,Disiram sedikit
0.0,27.5,54.0,Disiram Normal
0.0,25.6,61.0,Disiram Normal
0.0,23.7,73.0,Disiram sedikit
0.0,22.5,80.0,Disiram sedikit
0.0,21.8,84.0,Disiram sedikit
0.0,21.2,86.0,Disiram sedikit
0.0,20.7,88.0,Disiram sedikit
0.0,20.5,89.0,Disiram sedikit
0.0,20.1,92.0,Disiram sedikit
0.0,19.9,93.0,Disiram sedikit
0.0,19.7,94.0,Disiram sedikit
0.0,19.3,95.0,Disiram sedikit
0.0,19.0,94.0,Disiram sedikit
0.0,18.8,94.0,Disiram sedikit
0.0,20.6,88.0,Disiram sedikit
0.0,23.9,74.0,Disiram sedikit
0.0,26.4,62.0,Disiram Normal
0.0,28.3,53.0,Disiram sedikit
0.0,29.0,49.0,Disiram Banyak
0.0,29.8,46.0,Disiram Banyak
0.0,30.0,47.0,Disiram Banyak
0.0,30.2,47.0,Disiram Banyak
0.0,29.3,50.0,Disiram sedikit
0.0,28.2,55.0,Disiram sedikit
0.0,27.3,60.0,Disiram Normal
0.0,25.7,68.0,Disiram Normal
0.0,24.7,74.0,Disiram sedikit
0.0,23.8,78.0,Disiram sedikit
0.0,23.0,81.0,Disiram sedikit
0.0,22.0,87.0,Disiram sedikit
0.0,21.4,90.0,Disiram sedikit
0.0,21.1,92.0,Disiram sedikit
0.0,20.9,91.0,Disiram sedikit
0.0,20.6,92.0,Disiram sedikit
0.0,20.7,91.0,Disiram sedikit
0.0,20.4,92.0,Disiram sedikit
0.0,20.4,91.0,Disiram sedikit
0.0,20.1,92.0,Disiram sedikit
0.0,21.3,86.0,Disiram sedikit
0.0,24.3,72.0,Disiram sedikit
0.0,26.4,65.0,Disiram Normal
0.0,28.3,54.0,Disiram sedikit
0.0,29.4,47.0,Disiram Banyak
0.0,30.5,41.0,Disiram Banyak
0.0,31.2,35.0,Disiram Banyak
0.0,31.1,34.0,Disiram Banyak
0.0,30.2,39.0,Disiram Banyak
0.0,29.3,44.0,Disiram Banyak
0.1,27.4,54.0,Disiram sedikit
0.1,25.8,63.0,Disiram sedikit
0.2,24.3,70.0,Disiram sedikit
0.1,23.7,75.0,Disiram sedikit
0.0,23.1,80.0,Disiram sedikit
0.0,22.4,84.0,Disiram sedikit
0.0,22.0,86.0,Disiram sedikit
0.0,21.5,88.0,Disiram sedikit
0.0,21.2,88.0,Disiram sedikit
0.0,20.9,88.0,Disiram sedikit
0.0,20.5,90.0,Disiram sedikit
0.0,20.2,91.0,Disiram sedikit
0.0,19.9,92.0,Disiram sedikit
0.0,19.8,92.0,Disiram sedikit
0.0,21.0,84.0,Disiram sedikit
0.0,23.6,70.0,Disiram sedikit
0.0,26.0,58.0,Disiram Normal
0.0,27.6,52.0,Disiram Normal
0.0,28.9,48.0,Disiram Banyak
0.0,29.8,44.0,Disiram Banyak
0.0,29.6,44.0,Disiram Banyak
0.1,28.4,49.0,Disiram sedikit
0.1,27.4,55.0,Disiram sedikit
0.1,27.0,59.0,Disiram sedikit
0.1,26.4,63.0,Disiram sedikit
0.1,25.4,69.0,Disiram sedikit
0.2,24.1,81.0,Disiram sedikit
1.5,23.3,87.0,Tidak Disiram
0.9,23.0,88.0,Tidak Disiram
0.0,22.8,89.0,Disiram sedikit
0.0,22.5,90.0,Disiram sedikit
0.0,22.3,92.0,Disiram sedikit
0.0,21.6,93.0,Disiram sedikit
0.0,21.2,94.0,Disiram sedikit
0.0,21.0,94.0,Disiram sedikit
0.0,20.7,94.0,Disiram sedikit
0.0,20.4,95.0,Disiram sedikit
0.0,20.1,95.0,Disiram sedikit
0.0,21.6,87.0,Disiram sedikit
0.0,23.7,76.0,Disiram sedikit
0.0,25.8,67.0,Disiram Normal
0.0,27.7,55.0,Disiram Normal
0.0,29.0,48.0,Disiram Banyak
0.0,29.5,45.0,Disiram Banyak
0.0,29.0,50.0,Disiram sedikit
0.1,27.9,58.0,Disiram sedikit
0.4,26.7,66.0,Disiram sedikit
0.1,26.1,68.0,Disiram sedikit
0.1,25.2,71.0,Disiram sedikit
0.1,24.4,75.0,Disiram sedikit
0.0,24.1,77.0,Disiram sedikit
0.0,23.3,83.0,Disiram sedikit
0.0,22.5,86.0,Disiram sedikit
0.0,21.9,88.0,Disiram sedikit
0.0,21.3,91.0,Disiram sedikit
0.0,20.9,93.0,Disiram sedikit
0.0,20.1,95.0,Disiram sedikit
0.0,19.6,97.0,Disiram sedikit
0.0,19.5,96.0,Disiram sedikit
0.0,19.3,95.0,Disiram sedikit
0.0,19.2,95.0,Disiram sedikit
0.0,18.9,95.0,Disiram sedikit
0.0,20.6,88.0,Disiram sedikit
0.0,23.5,73.0,Disiram sedikit
0.0,25.8,64.0,Disiram Normal
0.0,27.5,55.0,Disiram Normal
0.0,28.3,53.0,Disiram sedikit
0.0,28.6,53.0,Disiram sedikit
0.0,28.1,56.0,Disiram sedikit
0.0,27.7,59.0,Disiram Normal
0.2,27.2,62.0,Disiram sedikit
0.4,26.2,68.0,Disiram sedikit
1.4,25.4,74.0,Tidak Disiram
2.1,24.3,79.0,Tidak Disiram
1.3,23.6,83.0,Tidak Disiram
0.0,22.8,90.0,Disiram sedikit
0.0,22.1,94.0,Disiram sedikit
0.0,21.7,96.0,Disiram sedikit
0.0,21.4,96.0,Disiram sedikit
0.0,21.1,96.0,Disiram sedikit
0.0,20.0,98.0,Disiram sedikit
0.0,19.5,99.0,Disiram sedikit
0.0,19.4,99.0,Disiram sedikit
0.0,19.4,98.0,Disiram sedikit
0.0,19.4,97.0,Disiram sedikit
0.0,19.5,94.0,Disiram sedikit
0.0,20.4,88.0,Disiram sedikit
0.0,23.0,77.0,Disiram sedikit
0.0,25.5,63.0,Disiram Normal
0.0,27.4,55.0,Disiram Normal
0.0,29.0,48.0,Disiram Banyak
0.0,30.0,43.0,Disiram Banyak
0.0,30.8,41.0,Disiram Banyak
0.0,31.2,39.0,Disiram Banyak
0.0,30.9,39.0,Disiram Banyak
0.0,30.6,41.0,Disiram Banyak
0.0,29.7,46.0,Disiram Banyak
0.0,27.7,60.0,Disiram Normal
0.0,26.1,71.0,Disiram sedikit
0.0,24.6,80.0,Disiram sedikit
0.0,23.7,85.0,Disiram sedikit
0.0,23.2,86.0,Disiram sedikit
0.0,22.3,90.0,Disiram sedikit
0.0,21.8,91.0,Disiram sedikit
0.0,21.3,90.0,Disiram sedikit
0.0,20.8,92.0,Disiram sedikit
0.0,20.3,93.0,Disiram sedikit
0.0,19.6,95.0,Disiram sedikit
0.0,19.1,95.0,Disiram sedikit
0.0,18.7,94.0,Disiram sedikit
0.0,20.7,81.0,Disiram sedikit
0.0,24.1,61.0,Disiram sedikit
0.0,27.0,49.0,Disiram sedikit
0.0,29.1,43.0,Disiram Banyak
0.0,30.7,41.0,Disiram Banyak
0.0,31.7,40.0,Disiram Banyak
0.0,32.0,41.0,Disiram Banyak
0.0,32.2,38.0,Disiram Banyak
0.0,32.0,38.0,Disiram Banyak
0.0,31.0,41.0,Disiram Banyak
0.0,28.5,52.0,Disiram sedikit
0.0,25.9,70.0,Disiram sedikit
0.0,25.4,74.0,Disiram sedikit
0.0,24.1,82.0,Disiram sedikit
0.0,23.3,85.0,Disiram sedikit
0.0,22.8,85.0,Disiram sedikit
0.0,22.0,87.0,Disiram sedikit
0.0,21.4,88.0,Disiram sedikit
0.0,21.1,84.0,Disiram sedikit
0.0,20.6,82.0,Disiram sedikit
0.0,19.8,81.0,Disiram sedikit
0.0,18.8,81.0,Disiram sedikit
0.0,18.2,78.0,Disiram sedikit
0.0,17.7,76.0,Disiram sedikit
0.0,19.9,67.0,Disiram sedikit
0.0,23.8,48.0,Disiram sedikit
0.0,26.7,42.0,Disiram sedikit
0.0,28.4,44.0,Disiram Banyak
0.0,29.6,46.0,Disiram Banyak
0.0,30.4,43.0,Disiram Banyak
0.0,30.6,45.0,Disiram Banyak
0.0,29.2,49.0,Disiram Banyak
0.1,27.4,59.0,Disiram sedikit
0.0,26.7,64.0,Disiram Normal
0.1,25.8,68.0,Disiram sedikit
0.1,24.8,74.0,Disiram sedikit
0.0,24.7,74.0,Disiram sedikit
0.0,23.7,81.0,Disiram sedikit
0.0,23.0,86.0,Disiram sedikit
0.0,22.4,88.0,Disiram sedikit
0.0,22.0,90.0,Disiram sedikit
0.0,21.6,91.0,Disiram sedikit
0.0,21.5,89.0,Disiram sedikit
0.0,21.3,89.0,Disiram sedikit
0.0,21.0,90.0,Disiram sedikit
0.0,20.6,92.0,Disiram sedikit
0.0,20.2,93.0,Disiram sedikit
0.0,19.9,94.0,Disiram sedikit
0.0,21.9,83.0,Disiram sedikit
0.0,24.6,69.0,Disiram sedikit
0.0,26.8,58.0,Disiram Normal
0.0,28.4,51.0,Disiram sedikit
0.0,29.5,45.0,Disiram Banyak
0.0,30.2,42.0,Disiram Banyak
0.0,30.0,43.0,Disiram Banyak
0.0,30.1,42.0,Disiram Banyak
0.0,29.8,42.0,Disiram Banyak
0.0,29.2,44.0,Disiram Banyak
0.0,27.6,54.0,Disiram Normal
0.0,25.5,63.0,Disiram Normal
0.0,24.3,69.0,Disiram sedikit
0.0,23.4,75.0,Disiram sedikit
0.0,22.8,79.0,Disiram sedikit
0.0,22.1,84.0,Disiram sedikit
0.0,21.5,88.0,Disiram sedikit
0.0,21.3,89.0,Disiram sedikit
0.0,20.8,89.0,Disiram sedikit
0.0,20.5,90.0,Disiram sedikit
0.0,20.3,91.0,Disiram sedikit
0.0,20.1,92.0,Disiram sedikit
0.0,19.8,93.0,Disiram sedikit
0.0,19.7,93.0,Disiram sedikit
0.0,21.3,85.0,Disiram sedikit
0.0,24.2,71.0,Disiram sedikit
0.0,26.6,62.0,Disiram Normal
0.0,28.3,53.0,Disiram sedikit
0.0,29.4,46.0,Disiram Banyak
0.0,30.1,43.0,Disiram Banyak
0.0,29.8,46.0,Disiram Banyak
0.0,29.7,46.0,Disiram Banyak
0.0,28.7,53.0,Disiram sedikit
0.0,28.1,57.0,Disiram sedikit
0.1,26.5,63.0,Disiram sedikit
0.1,25.2,69.0,Disiram sedikit
0.0,23.7,78.0,Disiram sedikit
0.3,22.9,85.0,Tidak Disiram
0.0,22.5,88.0,Disiram sedikit
0.0,22.2,89.0,Disiram sedikit
0.0,21.7,90.0,Disiram sedikit
0.0,21.0,92.0,Disiram sedikit
0.0,20.7,91.0,Disiram sedikit
0.0,20.3,92.0,Disiram sedikit
0.0,19.9,93.0,Disiram sedikit
0.0,19.4,96.0,Disiram sedikit
0.0,19.0,96.0,Disiram sedikit
0.0,18.6,97.0,Disiram sedikit
0.0,21.1,84.0,Disiram sedikit
0.0,24.3,66.0,Disiram sedikit
0.0,26.7,57.0,Disiram Normal
0.0,28.5,52.0,Disiram sedikit
0.0,29.8,47.0,Disiram Banyak
0.0,30.3,44.0,Disiram Banyak
0.0,30.2,44.0,Disiram Banyak
0.0,30.5,41.0,Disiram Banyak
0.0,30.3,40.0,Disiram Banyak
0.0,29.7,41.0,Disiram Banyak
0.0,28.3,47.0,Disiram Banyak
0.2,25.5,66.0,Disiram sedikit
0.1,24.1,74.0,Disiram sedikit
0.0,23.4,75.0,Disiram sedikit
0.0,22.3,78.0,Disiram sedikit
0.0,21.2,82.0,Disiram sedikit
0.0,20.3,85.0,Disiram sedikit
0.0,19.5,86.0,Disiram sedikit
0.0,19.2,84.0,Disiram sedikit
0.0,18.7,85.0,Disiram sedikit
0.0,18.0,90.0,Disiram sedikit
0.0,17.6,93.0,Disiram sedikit
0.0,17.3,94.0,Disiram sedikit
0.0,17.3,93.0,Disiram sedikit
0.0,19.1,83.0,Disiram sedikit
0.0,23.2,65.0,Disiram sedikit
0.0,26.2,55.0,Disiram Normal
0.0,28.5,46.0,Disiram Banyak
0.0,29.9,41.0,Disiram Banyak
0.0,30.4,38.0,Disiram Banyak
0.0,30.9,36.0,Disiram Banyak
0.0,30.9,35.0,Disiram Banyak
0.0,30.4,36.0,Disiram Banyak
0.0,28.5,48.0,Disiram Banyak
0.1,26.6,58.0,Disiram sedikit
0.0,25.3,66.0,Disiram Normal
0.0,24.7,70.0,Disiram sedikit
0.0,23.8,75.0,Disiram sedikit
0.1,23.1,80.0,Disiram sedikit
0.2,22.0,86.0,Disiram sedikit
0.0,21.4,89.0,Disiram sedikit
0.0,21.1,91.0,Disiram sedikit
0.0,20.8,92.0,Disiram sedikit
0.0,20.2,94.0,Disiram sedikit
0.0,19.8,95.0,Disiram sedikit
0.0,19.5,95.0,Disiram sedikit
0.0,19.5,94.0,Disiram sedikit
0.0,19.0,95.0,Disiram sedikit
0.0,21.0,83.0,Disiram sedikit
0.0,24.0,69.0,Disiram sedikit
0.0,26.1,62.0,Disiram Normal
0.0,28.0,54.0,Disiram sedikit
0.0,29.3,46.0,Disiram Banyak
0.0,29.8,42.0,Disiram Banyak
0.0,30.5,39.0,Disiram Banyak
0.0,30.5,39.0,Disiram Banyak
0.0,29.8,41.0,Disiram Banyak
0.0,28.9,47.0,Disiram Banyak
0.0,26.7,58.0,Disiram Normal
0.0,25.3,66.0,Disiram Normal
0.0,24.5,73.0,Disiram sedikit
0.0,23.8,77.0,Disiram sedikit
0.0,23.4,79.0,Disiram sedikit
0.0,22.8,82.0,Disiram sedikit
0.0,22.2,85.0,Disiram sedikit
0.0,21.6,87.0,Disiram sedikit
0.0,21.2,88.0,Disiram sedikit
0.0,20.4,90.0,Disiram sedikit
0.0,19.9,90.0,Disiram sedikit
0.0,19.4,91.0,Disiram sedikit
0.0,19.0,90.0,Disiram sedikit
0.0,18.9,90.0,Disiram sedikit
0.0,21.0,80.0,Disiram sedikit
0.0,23.9,69.0,Disiram sedikit
0.0,26.0,63.0,Disiram Normal
0.0,27.8,54.0,Disiram Normal
0.0,28.3,50.0,Disiram sedikit
0.0,29.2,47.0,Disiram Banyak
0.0,28.7,54.0,Disiram sedikit
0.0,28.0,59.0,Disiram sedikit
0.0,27.7,59.0,Disiram Normal
0.0,26.9,63.0,Disiram Normal
0.0,26.3,66.0,Disiram Normal
0.0,25.1,73.0,Disiram sedikit
0.0,24.4,78.0,Disiram sedikit
0.0,23.8,81.0,Disiram sedikit
0.0,23.1,81.0,Disiram sedikit
0.0,22.3,84.0,Disiram sedikit
0.0,21.7,87.0,Disiram sedikit
0.0,21.1,89.0,Disiram sedikit
0.0,20.6,90.0,Disiram sedikit
0.0,20.1,91.0,Disiram sedikit
0.0,19.6,93.0,Disiram sedikit
0.0,19.2,95.0,Disiram sedikit
0.0,18.9,95.0,Disiram sedikit
0.0,18.8,95.0,Disiram sedikit
0.0,20.7,85.0,Disiram sedikit
0.0,24.2,71.0,Disiram sedikit
0.0,26.8,60.0,Disiram Normal
0.0,28.7,50.0,Disiram sedikit
0.0,29.8,45.0,Disiram Banyak
0.0,30.4,43.0,Disiram Banyak
0.0,30.7,42.0,Disiram Banyak
0.0,30.9,42.0,Disiram Banyak
0.0,30.4,43.0,Disiram Banyak
0.0,29.8,47.0,Disiram Banyak
0.0,28.8,51.0,Disiram sedikit
0.0,26.8,60.0,Disiram Normal
0.0,25.4,68.0,Disiram Normal
0.0,24.6,73.0,Disiram sedikit
0.0,23.9,76.0,Disiram sedikit
0.0,23.0,82.0,Disiram sedikit
0.0,22.3,86.0,Disiram sedikit
0.0,22.1,89.0,Disiram sedikit
0.0,22.0,89.0,Disiram sedikit
0.0,21.7,90.0,Disiram sedikit
0.0,21.4,90.0,Disiram sedikit
0.0,21.1,91.0,Disiram sedikit
0.0,20.9,91.0,Disiram sedikit
0.0,20.6,92.0,Disiram sedikit
0.0,22.0,84.0,Disiram sedikit
0.0,24.9,71.0,Disiram sedikit
0.0,27.2,61.0,Disiram Normal
0.0,28.6,54.0,Disiram sedikit
0.0,29.5,50.0,Disiram sedikit
0.0,30.3,47.0,Disiram Banyak
0.0,29.7,54.0,Disiram sedikit
0.1,28.8,60.0,Disiram sedikit
0.4,27.9,65.0,Disiram sedikit
0.2,27.4,65.0,Disiram sedikit
0.0,26.5,68.0,Disiram Normal
0.1,25.4,75.0,Disiram sedikit
0.1,24.5,79.0,Disiram sedikit
0.0,23.8,84.0,Disiram sedikit
0.0,23.2,88.0,Disiram sedikit
0.0,23.0,89.0,Disiram sedikit
0.0,22.6,90.0,Disiram sedikit
0.0,22.2,91.0,Disiram sedikit
0.0,21.9,91.0,Disiram sedikit
0.0,21.8,90.0,Disiram sedikit
0.0,21.5,90.0,Disiram sedikit
0.0,21.0,91.0,Disiram sedikit
0.0,20.6,93.0,Disiram sedikit
0.0,20.3,93.0,Disiram sedikit
0.0,21.9,83.0,Disiram sedikit
0.0,24.7,71.0,Disiram sedikit
0.0,27.0,63.0,Disiram Normal
0.0,28.9,53.0,Disiram sedikit
0.0,30.2,48.0,Disiram Banyak
0.0,30.9,45.0,Disiram Banyak
0.0,31.8,41.0,Disiram Banyak
0.0,31.8,41.0,Disiram Banyak
0.0,31.1,44.0,Disiram Banyak
0.0,29.3,54.0,Disiram sedikit
0.0,27.6,65.0,Disiram Normal
0.0,26.6,67.0,Disiram Normal
0.0,25.7,69.0,Disiram Normal
0.0,24.9,74.0,Disiram sedikit
0.0,24.2,78.0,Disiram sedikit
0.0,23.5,83.0,Disiram sedikit
0.0,22.8,86.0,Disiram sedikit
0.0,22.3,88.0,Disiram sedikit
0.0,22.2,87.0,Disiram sedikit
0.0,21.7,89.0,Disiram sedikit
0.0,21.1,90.0,Disiram sedikit
0.0,20.4,93.0,Disiram sedikit
0.0,20.0,95.0,Disiram sedikit
0.0,19.8,95.0,Disiram sedikit
0.0,21.7,85.0,Disiram sedikit
0.0,25.0,69.0,Disiram Normal
0.0,27.6,60.0,Disiram Normal
0.0,29.7,50.0,Disiram sedikit
0.0,31.0,44.0,Disiram Banyak
0.0,31.6,41.0,Disiram Banyak
0.0,32.1,39.0,Disiram Banyak
0.0,31.9,38.0,Disiram Banyak
0.0,31.6,37.0,Disiram Banyak
0.0,29.9,46.0,Disiram Banyak
0.0,27.5,64.0,Disiram Normal
0.0,26.5,66.0,Disiram Normal
0.0,26.1,65.0,Disiram Normal
0.0,25.1,70.0,Disiram sedikit
0.0,24.2,75.0,Disiram sedikit
0.0,23.5,78.0,Disiram sedikit
0.0,22.8,79.0,Disiram sedikit
0.0,22.3,81.0,Disiram sedikit
0.0,22.3,80.0,Disiram sedikit
0.0,21.8,82.0,Disiram sedikit
0.0,21.4,84.0,Disiram sedikit
0.0,20.9,87.0,Disiram sedikit
0.0,20.7,89.0,Disiram sedikit
0.0,20.7,90.0,Disiram sedikit
0.0,22.8,81.0,Disiram sedikit
0.0,25.6,67.0,Disiram Normal
0.0,27.5,57.0,Disiram Normal
0.0,29.1,51.0,Disiram sedikit
0.0,30.2,46.0,Disiram Banyak
0.0,31.0,42.0,Disiram Banyak
0.0,31.0,41.0,Disiram Banyak
0.0,31.2,41.0,Disiram Banyak
0.0,30.5,44.0,Disiram Banyak
0.0,29.0,51.0,Disiram sedikit
0.0,28.0,57.0,Disiram sedikit
0.0,26.6,64.0,Disiram Normal
0.0,25.3,71.0,Disiram sedikit
0.0,24.5,75.0,Disiram sedikit
0.0,23.8,78.0,Disiram sedikit
0.0,23.3,80.0,Disiram sedikit
0.0,22.7,82.0,Disiram sedikit
0.0,22.1,84.0,Disiram sedikit
0.0,21.5,87.0,Disiram sedikit
0.0,21.0,88.0,Disiram sedikit
0.0,20.6,90.0,Disiram sedikit
0.0,19.9,93.0,Disiram sedikit
0.0,19.6,95.0,Disiram sedikit
0.0,19.5,95.0,Disiram sedikit
0.0,22.2,82.0,Disiram sedikit
0.0,25.2,69.0,Disiram Normal
0.0,27.4,60.0,Disiram Normal
0.0,29.2,52.0,Disiram sedikit
0.0,30.9,46.0,Disiram Banyak
0.0,31.1,46.0,Disiram Banyak
0.1,30.7,49.0,Disiram sedikit
0.1,30.2,50.0,Disiram sedikit
0.2,28.8,55.0,Disiram sedikit
0.1,27.7,63.0,Disiram sedikit
0.2,26.9,68.0,Disiram sedikit
1.7,25.7,75.0,Tidak Disiram
0.8,24.6,78.0,Tidak Disiram
0.0,24.1,80.0,Disiram sedikit
0.0,23.6,82.0,Disiram sedikit
0.0,23.0,85.0,Disiram sedikit
0.0,22.5,87.0,Disiram sedikit
0.0,21.9,89.0,Disiram sedikit
0.0,21.7,88.0,Disiram sedikit
0.0,21.0,90.0,Disiram sedikit
0.0,20.7,90.0,Disiram sedikit
0.0,20.4,91.0,Disiram sedikit
0.0,20.2,90.0,Disiram sedikit
0.0,20.2,90.0,Disiram sedikit
0.0,21.6,83.0,Disiram sedikit
0.0,24.6,70.0,Disiram sedikit
0.0,27.0,61.0,Disiram Normal
0.0,28.7,53.0,Disiram sedikit
0.0,30.2,46.0,Disiram Banyak
0.0,31.4,42.0,Disiram Banyak
0.0,31.1,44.0,Disiram Banyak
0.1,30.4,46.0,Disiram sedikit
0.3,28.9,54.0,Disiram sedikit
0.0,28.3,56.0,Disiram sedikit
0.0,27.6,59.0,Disiram Normal
0.1,26.3,65.0,Disiram sedikit
0.0,24.9,76.0,Disiram sedikit
0.0,24.0,83.0,Disiram sedikit
0.0,23.4,88.0,Disiram sedikit
0.0,22.9,90.0,Disiram sedikit
0.0,22.5,92.0,Disiram sedikit
0.0,22.1,93.0,Disiram sedikit
0.0,21.5,95.0,Disiram sedikit
0.0,21.0,97.0,Disiram sedikit
0.0,20.7,97.0,Disiram sedikit
0.0,20.6,97.0,Disiram sedikit
0.0,20.2,97.0,Disiram sedikit
0.0,20.4,95.0,Disiram sedikit
0.0,22.7,83.0,Disiram sedikit
0.0,24.9,71.0,Disiram sedikit
0.0,26.9,63.0,Disiram Normal
0.0,28.7,55.0,Disiram sedikit
0.0,29.6,50.0,Disiram sedikit
0.0,30.4,47.0,Disiram Banyak
0.0,30.3,49.0,Disiram Banyak
0.0,30.2,51.0,Disiram sedikit
0.1,29.2,56.0,Disiram sedikit
0.3,28.2,61.0,Disiram sedikit
0.3,27.0,67.0,Disiram sedikit
0.1,25.9,72.0,Disiram sedikit
0.0,25.5,78.0,Disiram sedikit
0.0,24.4,86.0,Disiram sedikit
0.0,23.6,92.0,Disiram sedikit
0.1,23.3,92.0,Disiram sedikit
0.0,23.1,93.0,Disiram sedikit
0.0,22.7,95.0,Disiram sedikit
0.0,22.3,97.0,Disiram sedikit
0.0,22.1,97.0,Disiram sedikit
0.0,21.7,99.0,Disiram sedikit
0.0,21.4,100.0,Disiram sedikit
0.0,21.2,100.0,Disiram sedikit
0.0,21.2,100.0,Disiram sedikit
0.0,23.0,91.0,Disiram sedikit
0.0,24.9,78.0,Disiram sedikit
0.0,27.0,66.0,Disiram Normal
0.0,28.2,59.0,Disiram sedikit
0.0,29.4,53.0,Disiram sedikit
0.0,30.1,49.0,Disiram Banyak
0.0,30.7,47.0,Disiram Banyak
0.0,30.2,48.0,Disiram Banyak
0.0,28.9,56.0,Disiram sedikit
0.1,27.5,62.0,Disiram sedikit
0.2,26.8,66.0,Disiram sedikit
0.0,26.2,68.0,Disiram Normal
0.0,25.0,78.0,Disiram sedikit
0.1,24.6,81.0,Disiram sedikit
0.1,23.9,85.0,Disiram sedikit
0.0,23.7,86.0,Disiram sedikit
0.0,23.4,89.0,Disiram sedikit
0.0,23.1,91.0,Disiram sedikit
0.0,22.4,95.0,Disiram sedikit
0.0,22.2,96.0,Disiram sedikit
0.0,21.8,98.0,Disiram sedikit
0.0,21.6,99.0,Disiram sedikit
0.0,21.5,99.0,Disiram sedikit
0.0,21.3,99.0,Disiram sedikit
0.0,22.4,93.0,Disiram sedikit
0.0,24.7,80.0,Disiram sedikit
0.0,27.1,64.0,Disiram Normal
0.0,28.5,54.0,Disiram sedikit
0.0,29.4,50.0,Disiram sedikit
0.0,30.7,46.0,Disiram Banyak
0.0,31.3,44.0,Disiram Banyak
0.0,30.5,47.0,Disiram Banyak
0.2,28.7,57.0,Disiram sedikit
1.1,26.4,70.0,Disiram sedikit
1.7,25.8,74.0,Tidak Disiram
1.9,25.2,78.0,Tidak Disiram
1.9,24.8,81.0,Tidak Disiram
1.5,24.2,84.0,Tidak Disiram
1.4,23.0,89.0,Tidak Disiram
2.5,22.2,94.0,Tidak Disiram
1.5,21.9,95.0,Tidak Disiram
0.2,21.7,96.0,Disiram sedikit
0.1,21.4,96.0,Disiram sedikit
0.3,21.3,96.0,Tidak Disiram
0.1,21.2,96.0,Disiram sedikit
0.0,21.4,95.0,Disiram sedikit
0.0,21.4,95.0,Disiram sedikit
0.0,21.3,95.0,Disiram sedikit
0.0,22.0,92.0,Disiram sedikit
0.0,23.8,83.0,Disiram sedikit
0.0,26.1,69.0,Disiram Normal
0.0,27.6,59.0,Disiram Normal
0.0,29.0,51.0,Disiram sedikit
0.0,29.8,47.0,Disiram Banyak
0.0,29.0,52.0,Disiram sedikit
0.0,28.2,61.0,Disiram sedikit
0.6,27.2,70.0,Disiram sedikit
0.1,27.0,70.0,Disiram sedikit
2.8,26.3,75.0,Tidak Disiram
5.6,25.0,81.0,Tidak Disiram
4.3,22.9,94.0,Tidak Disiram
11.2,22.3,96.0,Tidak Disiram
9.1,22.1,97.0,Tidak Disiram
4.1,22.0,96.0,Tidak Disiram
1.5,21.9,96.0,Tidak Disiram
0.5,21.8,95.0,Tidak Disiram
0.1,21.7,96.0,Disiram sedikit
0.0,21.7,94.0,Disiram sedikit
0.0,21.7,93.0,Disiram sedikit
0.0,21.6,93.0,Disiram sedikit
0.0,21.5,93.0,Disiram sedikit
0.0,21.3,94.0,Disiram sedikit
0.0,22.5,84.0,Disiram sedikit
0.0,24.2,74.0,Disiram sedikit
0.0,25.8,65.0,Disiram Normal
0.0,27.3,59.0,Disiram Normal
0.0,28.4,53.0,Disiram sedikit
0.0,29.6,49.0,Disiram Banyak
0.1,28.2,61.0,Disiram sedikit
1.8,27.2,70.0,Disiram sedikit
5.0,26.3,75.0,Tidak Disiram
5.9,25.8,77.0,Tidak Disiram
3.1,25.0,83.0,Tidak Disiram
3.7,24.4,86.0,Tidak Disiram
1.0,23.8,90.0,Tidak Disiram
0.4,23.5,91.0,Tidak Disiram
0.0,23.3,91.0,Disiram sedikit
0.0,23.0,91.0,Disiram sedikit
0.0,22.7,89.0,Disiram sedikit
0.0,22.5,87.0,Disiram sedikit
0.0,22.4,83.0,Disiram sedikit
0.0,22.6,80.0,Disiram sedikit
0.0,22.1,83.0,Disiram sedikit
0.0,21.4,89.0,Disiram sedikit
0.0,21.1,92.0,Disiram sedikit
0.0,21.1,93.0,Disiram sedikit
0.0,22.4,88.0,Disiram sedikit
0.0,23.5,80.0,Disiram sedikit
0.0,24.2,76.0,Disiram sedikit
0.0,25.3,71.0,Disiram sedikit
0.0,27.0,65.0,Disiram Normal
0.0,27.9,64.0,Disiram Normal
0.3,26.6,72.0,Tidak Disiram
1.0,26.2,73.0,Tidak Disiram
0.3,26.4,70.0,Disiram sedikit
0.2,26.0,74.0,Disiram sedikit
1.1,25.0,79.0,Tidak Disiram
0.2,24.1,84.0,Disiram sedikit
0.0,23.4,88.0,Disiram sedikit
0.0,23.1,89.0,Disiram sedikit
0.0,22.7,89.0,Disiram sedikit
0.0,22.3,89.0,Disiram sedikit
0.1,21.9,89.0,Disiram sedikit
0.1,21.6,87.0,Disiram sedikit
0.2,21.3,89.0,Disiram sedikit
0.2,20.9,90.0,Disiram sedikit
0.2,20.6,92.0,Disiram sedikit
0.0,20.4,92.0,Disiram sedikit
0.0,20.3,92.0,Disiram sedikit
0.0,20.2,93.0,Disiram sedikit
0.0,21.2,89.0,Disiram sedikit
0.0,23.0,79.0,Disiram sedikit
0.0,25.1,67.0,Disiram Normal
0.0,26.2,65.0,Disiram Normal
0.0,26.3,64.0,Disiram Normal
0.1,26.6,64.0,Disiram sedikit
0.0,27.2,61.0,Disiram Normal
0.0,27.1,63.0,Disiram Normal
0.0,26.8,67.0,Disiram Normal
1.1,26.2,73.0,Tidak Disiram
3.7,24.9,80.0,Tidak Disiram
1.5,24.2,84.0,Tidak Disiram
0.0,24.9,76.0,Disiram sedikit
0.0,24.0,78.0,Disiram sedikit
0.0,23.0,81.0,Disiram sedikit
0.0,22.2,83.0,Disiram sedikit
0.0,21.4,86.0,Disiram sedikit
0.0,20.9,87.0,Disiram sedikit
0.0,20.9,81.0,Disiram sedikit
0.0,20.2,83.0,Disiram sedikit
0.0,19.3,89.0,Disiram sedikit
0.0,18.8,91.0,Disiram sedikit
0.0,18.5,92.0,Disiram sedikit
0.0,18.5,91.0,Disiram sedikit
0.0,20.5,83.0,Disiram sedikit
0.0,23.3,70.0,Disiram sedikit
0.0,26.1,56.0,Disiram Normal
0.0,27.9,50.0,Disiram sedikit
0.0,28.7,48.0,Disiram Banyak
0.0,29.6,47.0,Disiram Banyak
0.0,27.8,60.0,Disiram Normal
2.0,26.6,73.0,Tidak Disiram
2.8,26.2,74.0,Tidak Disiram
2.1,26.0,75.0,Tidak Disiram
3.0,25.4,79.0,Tidak Disiram
2.7,24.4,85.0,Tidak Disiram
1.9,23.4,87.0,Tidak Disiram
0.4,23.1,88.0,Tidak Disiram
0.0,22.7,90.0,Disiram sedikit
0.0,22.2,92.0,Disiram sedikit
0.0,21.7,93.0,Disiram sedikit
0.0,21.3,94.0,Disiram sedikit
0.0,21.4,93.0,Disiram sedikit
0.0,21.0,93.0,Disiram sedikit
0.0,20.8,93.0,Disiram sedikit
0.0,20.5,93.0,Disiram sedikit
0.0,20.1,94.0,Disiram sedikit
0.0,20.0,94.0,Disiram sedikit
0.0,21.7,84.0,Disiram sedikit
0.0,24.0,72.0,Disiram sedikit
0.0,25.7,66.0,Disiram Normal
0.0,27.0,62.0,Disiram Normal
0.0,27.6,60.0,Disiram Normal
0.0,28.6,56.0,Disiram sedikit
0.0,28.7,54.0,Disiram sedikit
0.0,28.5,57.0,Disiram sedikit
0.3,27.0,66.0,Disiram sedikit
0.8,26.3,73.0,Tidak Disiram
0.6,25.8,75.0,Tidak Disiram
2.2,24.6,82.0,Tidak Disiram
1.7,24.3,81.0,Tidak Disiram
0.3,23.8,84.0,Tidak Disiram
0.0,23.5,85.0,Disiram sedikit
0.0,23.0,87.0,Disiram sedikit
0.0,22.5,89.0,Disiram sedikit
0.0,22.2,89.0,Disiram sedikit
0.0,22.2,87.0,Disiram sedikit
0.0,21.8,89.0,Disiram sedikit
0.0,21.6,91.0,Disiram sedikit
0.0,21.5,91.0,Disiram sedikit
0.0,21.2,92.0,Disiram sedikit
0.0,20.9,94.0,Disiram sedikit
0.0,21.9,92.0,Disiram sedikit
0.0,23.8,79.0,Disiram sedikit
0.0,25.2,72.0,Disiram sedikit
0.0,26.2,68.0,Disiram Normal
0.0,27.1,65.0,Disiram Normal
0.2,26.9,68.0,Disiram sedikit
2.4,25.6,75.0,Tidak Disiram
1.4,25.0,79.0,Tidak Disiram
1.2,24.4,82.0,Tidak Disiram
0.5,24.1,83.0,Tidak Disiram
0.0,23.9,84.0,Disiram sedikit
0.0,23.6,87.0,Disiram sedikit
0.0,23.3,88.0,Disiram sedikit
0.0,22.9,92.0,Disiram sedikit
0.0,22.7,94.0,Disiram sedikit
0.0,22.5,95.0,Disiram sedikit
0.0,22.2,95.0,Disiram sedikit
0.0,22.0,95.0,Disiram sedikit
0.0,21.6,91.0,Disiram sedikit
0.0,21.5,90.0,Disiram sedikit
0.0,21.3,90.0,Disiram sedikit
0.0,21.2,88.0,Disiram sedikit
0.0,20.7,90.0,Disiram sedikit
0.0,20.5,91.0,Disiram sedikit
0.0,22.0,83.0,Disiram sedikit
0.0,24.2,74.0,Disiram sedikit
0.0,25.6,66.0,Disiram Normal
0.0,26.8,62.0,Disiram Normal
0.0,27.7,58.0,Disiram Normal
0.0,28.8,52.0,Disiram sedikit
0.0,28.3,54.0,Disiram sedikit
0.0,28.3,54.0,Disiram sedikit
0.0,27.4,57.0,Disiram Normal
0.2,25.2,72.0,Disiram sedikit
0.3,24.6,77.0,Tidak Disiram
1.6,24.0,81.0,Tidak Disiram
1.7,23.4,86.0,Tidak Disiram
0.8,23.0,89.0,Tidak Disiram
0.3,22.8,90.0,Tidak Disiram
0.1,22.7,91.0,Disiram sedikit
0.1,22.5,93.0,Disiram sedikit
0.2,22.4,94.0,Disiram sedikit
0.0,22.0,95.0,Disiram sedikit
0.0,21.6,96.0,Disiram sedikit
0.0,21.3,95.0,Disiram sedikit
0.0,20.9,95.0,Disiram sedikit
0.0,20.7,94.0,Disiram sedikit
0.0,20.7,93.0,Disiram sedikit
0.0,22.4,82.0,Disiram sedikit
0.0,24.0,76.0,Disiram sedikit
0.0,25.4,72.0,Disiram sedikit
0.0,26.9,65.0,Disiram Normal
0.0,28.0,60.0,Disiram sedikit
0.0,28.4,57.0,Disiram sedikit
0.0,28.4,58.0,Disiram sedikit
0.1,28.1,58.0,Disiram sedikit
0.6,26.5,71.0,Tidak Disiram
1.2,25.9,74.0,Tidak Disiram
1.8,25.1,79.0,Tidak Disiram
2.2,24.0,85.0,Tidak Disiram
0.4,23.4,87.0,Tidak Disiram
0.0,23.0,90.0,Disiram sedikit
0.0,22.5,92.0,Disiram sedikit
0.0,22.0,94.0,Disiram sedikit
0.0,21.5,95.0,Disiram sedikit
0.0,21.2,94.0,Disiram sedikit
0.0,21.2,92.0,Disiram sedikit
0.0,20.8,92.0,Disiram sedikit
0.0,20.6,92.0,Disiram sedikit
0.0,20.4,92.0,Disiram sedikit
0.0,20.2,93.0,Disiram sedikit
0.0,20.2,92.0,Disiram sedikit
0.0,21.7,84.0,Disiram sedikit
0.0,24.4,72.0,Disiram sedikit
0.0,26.2,67.0,Disiram Normal
0.0,27.4,63.0,Disiram Normal
0.1,28.3,59.0,Disiram sedikit
0.0,28.7,57.0,Disiram sedikit
0.0,28.7,55.0,Disiram sedikit
0.0,28.3,58.0,Disiram sedikit
0.0,27.2,64.0,Disiram Normal
0.1,26.4,70.0,Disiram sedikit
0.1,25.6,73.0,Disiram sedikit
0.0,25.0,78.0,Disiram sedikit
0.1,23.9,84.0,Disiram sedikit
0.0,23.5,88.0,Disiram sedikit
0.0,23.1,91.0,Disiram sedikit
0.0,22.8,92.0,Disiram sedikit
0.0,22.3,94.0,Disiram sedikit
0.0,21.9,96.0,Disiram sedikit
0.0,21.8,96.0,Disiram sedikit
0.0,21.5,96.0,Disiram sedikit
0.0,21.2,97.0,Disiram sedikit
0.0,20.9,97.0,Disiram sedikit
0.0,20.6,97.0,Disiram sedikit
0.0,20.6,97.0,Disiram sedikit
0.0,22.0,90.0,Disiram sedikit
0.0,24.0,79.0,Disiram sedikit
0.0,25.6,71.0,Disiram sedikit
0.0,26.8,65.0,Disiram Normal
0.0,27.6,63.0,Disiram Normal
0.0,28.4,60.0,Disiram sedikit
0.0,29.1,55.0,Disiram sedikit
0.0,28.9,56.0,Disiram sedikit
0.1,28.4,59.0,Disiram sedikit
1.3,26.5,73.0,Tidak Disiram
2.1,25.6,78.0,Tidak Disiram
2.1,24.6,82.0,Tidak Disiram
1.5,24.7,81.0,Tidak Disiram
1.4,24.0,86.0,Tidak Disiram
1.5,23.4,90.0,Tidak Disiram
1.2,22.9,91.0,Tidak Disiram
0.6,22.6,91.0,Tidak Disiram
0.2,22.3,92.0,Disiram sedikit
0.0,22.0,92.0,Disiram sedikit
0.0,21.8,93.0,Disiram sedikit
0.0,21.8,93.0,Disiram sedikit
0.0,21.4,94.0,Disiram sedikit
0.0,21.0,97.0,Disiram sedikit
0.0,20.9,97.0,Disiram sedikit
0.0,22.6,89.0,Disiram sedikit
0.0,24.2,80.0,Disiram sedikit
0.0,26.0,71.0,Disiram sedikit
0.0,27.0,68.0,Disiram Normal
0.1,27.3,68.0,Disiram sedikit
0.4,27.5,69.0,Disiram sedikit
0.4,28.2,63.0,Disiram sedikit
0.8,27.4,69.0,Disiram sedikit
1.8,27.1,72.0,Disiram sedikit
2.4,26.7,74.0,Tidak Disiram
2.1,26.1,75.0,Tidak Disiram
2.3,24.9,81.0,Tidak Disiram
1.0,24.1,85.0,Tidak Disiram
0.3,23.6,88.0,Tidak Disiram
0.0,23.3,90.0,Disiram sedikit
0.0,22.9,93.0,Disiram sedikit
0.0,22.6,95.0,Disiram sedikit
0.0,22.3,96.0,Disiram sedikit
0.0,22.2,95.0,Disiram sedikit
0.0,22.0,95.0,Disiram sedikit
0.0,21.8,95.0,Disiram sedikit
0.0,21.7,95.0,Disiram sedikit
0.0,21.3,97.0,Disiram sedikit
0.0,20.9,98.0,Disiram sedikit
0.0,22.6,89.0,Disiram sedikit
0.0,24.2,81.0,Disiram sedikit
0.0,25.9,71.0,Disiram sedikit
0.0,27.4,63.0,Disiram Normal
0.0,28.6,56.0,Disiram sedikit
0.0,29.1,53.0,Disiram sedikit
0.0,28.9,57.0,Disiram sedikit
0.3,27.9,66.0,Disiram sedikit
1.1,26.7,71.0,Tidak Disiram
1.8,25.7,76.0,Tidak Disiram
1.8,25.1,80.0,Tidak Disiram
1.7,24.2,84.0,Tidak Disiram
1.2,23.7,86.0,Tidak Disiram
0.9,23.4,87.0,Tidak Disiram
0.1,23.3,88.0,Disiram sedikit
0.0,23.2,89.0,Disiram sedikit
0.0,23.0,90.0,Disiram sedikit
0.0,22.8,91.0,Disiram sedikit
0.0,22.4,91.0,Disiram sedikit
0.0,22.1,92.0,Disiram sedikit
0.0,21.7,93.0,Disiram sedikit
0.0,21.3,95.0,Disiram sedikit
0.0,20.6,98.0,Disiram sedikit
0.0,20.4,98.0,Disiram sedikit
0.0,22.1,87.0,Disiram sedikit
0.0,24.3,81.0,Disiram sedikit
0.0,26.4,67.0,Disiram Normal
0.0,27.6,60.0,Disiram Normal
0.0,28.8,54.0,Disiram sedikit
0.0,29.4,51.0,Disiram sedikit
0.0,29.6,50.0,Disiram sedikit
0.0,29.5,49.0,Disiram Banyak
0.2,27.5,62.0,Disiram sedikit
0.6,26.4,71.0,Tidak Disiram
0.6,26.0,74.0,Tidak Disiram
0.8,25.4,76.0,Tidak Disiram
0.3,25.1,78.0,Tidak Disiram
0.8,24.6,80.0,Tidak Disiram
0.9,24.0,84.0,Tidak Disiram
1.0,23.6,86.0,Tidak Disiram
0.3,23.0,90.0,Tidak Disiram
0.0,22.5,95.0,Disiram sedikit
0.0,22.0,96.0,Disiram sedikit
0.0,21.8,96.0,Disiram sedikit
0.0,21.7,96.0,Disiram sedikit
0.0,21.8,95.0,Disiram sedikit
0.0,21.8,93.0,Disiram sedikit
0.0,21.5,95.0,Disiram sedikit
0.0,22.6,88.0,Disiram sedikit
0.0,24.3,78.0,Disiram sedikit
0.0,26.0,66.0,Disiram Normal
0.0,27.5,59.0,Disiram Normal
0.0,28.5,54.0,Disiram sedikit
0.0,28.3,56.0,Disiram sedikit
0.1,27.5,59.0,Disiram sedikit
0.0,27.4,60.0,Disiram Normal
0.1,26.8,64.0,Disiram sedikit
0.1,26.5,64.0,Disiram sedikit
0.0,26.3,62.0,Disiram Normal
0.0,25.6,66.0,Disiram Normal
0.0,24.8,72.0,Disiram sedikit
0.0,24.5,74.0,Disiram sedikit
0.0,24.2,75.0,Disiram sedikit
0.0,23.8,77.0,Disiram sedikit
0.0,23.4,80.0,Disiram sedikit
0.0,22.8,83.0,Disiram sedikit
0.0,22.8,77.0,Disiram sedikit
0.0,22.8,76.0,Disiram sedikit
0.0,22.5,77.0,Disiram sedikit
0.0,21.7,85.0,Disiram sedikit
0.0,21.2,89.0,Disiram sedikit
0.0,21.1,90.0,Disiram sedikit
0.0,22.4,83.0,Disiram sedikit
0.0,24.6,70.0,Disiram sedikit
0.0,26.2,63.0,Disiram Normal
0.0,27.8,56.0,Disiram Normal
0.0,28.9,51.0,Disiram sedikit
0.0,28.8,51.0,Disiram sedikit
0.0,27.8,57.0,Disiram Normal
0.1,27.1,61.0,Disiram sedikit
0.1,26.7,63.0,Disiram sedikit
0.0,26.3,64.0,Disiram Normal
0.0,25.8,67.0,Disiram Normal
0.0,25.3,71.0,Disiram sedikit
0.0,25.0,69.0,Disiram Normal
0.0,24.6,72.0,Disiram sedikit
0.0,24.0,77.0,Disiram sedikit
0.0,23.5,82.0,Disiram sedikit
0.0,23.1,84.0,Disiram sedikit
0.0,22.7,87.0,Disiram sedikit
0.0,22.5,85.0,Disiram sedikit
0.0,22.0,86.0,Disiram sedikit
0.0,21.5,88.0,Disiram sedikit
0.0,21.2,89.0,Disiram sedikit
0.0,20.7,91.0,Disiram sedikit
0.0,20.5,92.0,Disiram sedikit
0.0,22.1,87.0,Disiram sedikit
0.0,24.2,73.0,Disiram sedikit
0.0,25.7,66.0,Disiram Normal
0.0,27.1,62.0,Disiram Normal
0.0,28.1,58.0,Disiram sedikit
0.0,28.6,54.0,Disiram sedikit
0.0,29.5,51.0,Disiram sedikit
0.0,28.9,54.0,Disiram sedikit
0.7,26.9,69.0,Disiram sedikit
1.8,26.5,73.0,Tidak Disiram
3.0,25.4,77.0,Tidak Disiram
1.9,24.7,81.0,Tidak Disiram
1.6,24.8,79.0,Tidak Disiram
1.0,24.5,81.0,Tidak Disiram
1.7,23.8,85.0,Tidak Disiram
1.7,23.3,88.0,Tidak Disiram
1.5,23.0,88.0,Tidak Disiram
1.1,22.8,89.0,Tidak Disiram
0.4,22.6,92.0,Tidak Disiram
0.3,22.4,93.0,Tidak Disiram
0.4,22.2,93.0,Tidak Disiram
0.3,21.9,94.0,Tidak Disiram
0.2,21.9,94.0,Disiram sedikit
0.0,21.8,95.0,Disiram sedikit
0.0,22.5,91.0,Disiram sedikit
0.0,24.2,81.0,Disiram sedikit
0.0,25.8,73.0,Disiram sedikit
0.0,26.7,69.0,Disiram Normal
0.0,27.2,67.0,Disiram Normal
0.0,27.4,66.0,Disiram Normal
0.3,25.9,72.0,Tidak Disiram
0.8,25.4,73.0,Tidak Disiram
0.3,25.5,70.0,Disiram sedikit
0.0,25.4,68.0,Disiram Normal
0.0,24.9,70.0,Disiram sedikit
0.0,24.3,73.0,Disiram sedikit
0.0,23.6,78.0,Disiram sedikit
0.0,23.3,77.0,Disiram sedikit
0.0,23.1,78.0,Disiram sedikit
0.1,22.8,80.0,Disiram sedikit
0.1,22.4,83.0,Disiram sedikit
0.0,22.1,85.0,Disiram sedikit
0.0,21.9,84.0,Disiram sedikit
0.0,21.5,85.0,Disiram sedikit
0.0,21.0,89.0,Disiram sedikit
0.0,20.6,92.0,Disiram sedikit
0.0,20.2,94.0,Disiram sedikit
0.0,20.1,95.0,Disiram sedikit
0.0,21.6,86.0,Disiram sedikit
0.0,24.0,74.0,Disiram sedikit
0.0,25.7,65.0,Disiram Normal
0.0,26.9,60.0,Disiram Normal
0.0,28.0,56.0,Disiram sedikit
0.0,28.5,55.0,Disiram sedikit
0.0,29.2,52.0,Disiram sedikit
0.0,28.5,54.0,Disiram sedikit
0.0,27.3,63.0,Disiram Normal
0.4,26.5,73.0,Tidak Disiram
2.1,25.3,78.0,Tidak Disiram
0.7,24.7,80.0,Tidak Disiram
0.0,24.3,82.0,Disiram sedikit
0.0,23.9,85.0,Disiram sedikit
0.0,23.5,86.0,Disiram sedikit
0.0,23.0,89.0,Disiram sedikit
0.0,22.6,91.0,Disiram sedikit
0.0,22.2,92.0,Disiram sedikit
0.0,22.0,93.0,Disiram sedikit
0.0,21.9,92.0,Disiram sedikit
0.0,21.6,93.0,Disiram sedikit
0.0,21.2,94.0,Disiram sedikit
0.0,20.8,95.0,Disiram sedikit
0.0,20.8,95.0,Disiram sedikit
0.0,22.2,89.0,Disiram sedikit
0.0,24.6,75.0,Disiram sedikit
0.0,26.7,62.0,Disiram Normal
0.0,28.0,57.0,Disiram sedikit
0.0,28.4,56.0,Disiram sedikit
0.0,29.1,52.0,Disiram sedikit
0.0,29.3,51.0,Disiram sedikit
0.0,28.1,59.0,Disiram sedikit
0.2,26.9,70.0,Disiram sedikit
1.0,26.2,74.0,Tidak Disiram
1.4,25.2,79.0,Tidak Disiram
1.1,24.5,83.0,Tidak Disiram
0.0,24.3,85.0,Disiram sedikit
0.4,24.0,86.0,Tidak Disiram
0.2,24.0,86.0,Disiram sedikit
0.5,23.8,85.0,Tidak Disiram
0.5,23.5,86.0,Tidak Disiram
0.2,23.2,88.0,Disiram sedikit
0.0,22.8,91.0,Disiram sedikit
0.0,22.5,92.0,Disiram sedikit
0.0,22.1,93.0,Disiram sedikit
0.0,21.8,94.0,Disiram sedikit
0.0,21.6,95.0,Disiram sedikit
0.0,21.4,96.0,Disiram sedikit
0.0,22.7,88.0,Disiram sedikit
0.0,24.4,77.0,Disiram sedikit
0.0,26.1,67.0,Disiram Normal
0.0,27.6,60.0,Disiram Normal
0.0,28.4,57.0,Disiram sedikit
0.1,27.2,63.0,Disiram sedikit
0.1,27.8,63.0,Disiram sedikit
0.2,27.3,66.0,Disiram sedikit
1.6,26.3,73.0,Tidak Disiram
1.3,25.3,78.0,Tidak Disiram
1.9,24.4,84.0,Tidak Disiram
2.4,23.7,87.0,Tidak Disiram
0.2,23.4,87.0,Disiram sedikit
0.1,23.1,87.0,Disiram sedikit
0.0,23.0,87.0,Disiram sedikit
0.0,22.6,90.0,Disiram sedikit
0.0,22.4,92.0,Disiram sedikit
0.0,22.1,93.0,Disiram sedikit
0.0,21.4,95.0,Disiram sedikit
0.0,21.3,95.0,Disiram sedikit
0.0,21.0,95.0,Disiram sedikit
0.0,20.9,95.0,Disiram sedikit
0.0,20.7,97.0,Disiram sedikit
0.0,20.5,98.0,Disiram sedikit
0.0,21.9,88.0,Disiram sedikit
0.0,23.6,77.0,Disiram sedikit
0.0,24.8,69.0,Disiram sedikit
0.0,26.0,63.0,Disiram Normal
0.0,26.9,60.0,Disiram Normal
0.0,27.4,57.0,Disiram Normal
0.5,26.2,68.0,Disiram sedikit
0.3,26.0,70.0,Disiram sedikit
0.8,25.5,73.0,Tidak Disiram
1.0,25.1,75.0,Tidak Disiram
0.7,24.6,78.0,Tidak Disiram
1.2,24.1,83.0,Tidak Disiram
1.6,23.7,84.0,Tidak Disiram
0.4,23.1,90.0,Tidak Disiram
0.0,22.8,92.0,Disiram sedikit
0.0,22.6,94.0,Disiram sedikit
0.1,22.3,94.0,Disiram sedikit
0.8,21.9,95.0,Tidak Disiram
2.0,22.0,93.0,Tidak Disiram
0.4,21.9,94.0,Tidak Disiram
0.2,21.9,94.0,Disiram sedikit
0.0,21.8,94.0,Disiram sedikit
0.0,21.5,97.0,Disiram sedikit
0.0,21.3,99.0,Disiram sedikit
0.0,22.4,88.0,Disiram sedikit
0.0,23.7,80.0,Disiram sedikit
0.0,25.4,71.0,Disiram sedikit
0.0,26.0,68.0,Disiram Normal
0.0,26.7,64.0,Disiram Normal
0.0,27.5,59.0,Disiram Normal
0.0,26.0,67.0,Disiram Normal
0.1,25.9,67.0,Disiram sedikit
0.1,25.5,69.0,Disiram sedikit
0.2,24.9,74.0,Disiram sedikit
0.0,24.5,76.0,Disiram sedikit
0.0,24.1,79.0,Disiram sedikit
0.0,23.9,79.0,Disiram sedikit
0.0,23.5,81.0,Disiram sedikit
0.0,23.1,83.0,Disiram sedikit
0.0,22.6,85.0,Disiram sedikit
0.0,22.0,88.0,Disiram sedikit
0.0,21.5,90.0,Disiram sedikit
0.0,21.4,87.0,Disiram sedikit
0.0,21.0,88.0,Disiram sedikit
0.0,20.4,90.0,Disiram sedikit
0.0,20.2,90.0,Disiram sedikit
0.0,20.1,90.0,Disiram sedikit
0.0,20.0,91.0,Disiram sedikit
0.0,21.7,81.0,Disiram sedikit
0.0,24.2,71.0,Disiram sedikit
0.0,26.4,63.0,Disiram Normal
0.0,27.5,57.0,Disiram Normal
0.0,27.8,56.0,Disiram Normal
0.0,28.1,54.0,Disiram sedikit
0.0,27.2,59.0,Disiram Normal
0.0,26.6,63.0,Disiram Normal
0.0,25.7,69.0,Disiram Normal
0.0,25.1,71.0,Disiram sedikit
0.0,24.7,74.0,Disiram sedikit
0.0,24.2,78.0,Disiram sedikit
0.0,23.7,81.0,Disiram sedikit
0.0,23.4,83.0,Disiram sedikit
0.0,23.1,84.0,Disiram sedikit
0.0,22.8,85.0,Disiram sedikit
0.0,22.3,87.0,Disiram sedikit
0.0,22.0,88.0,Disiram sedikit
0.0,22.3,86.0,Disiram sedikit
0.0,21.9,85.0,Disiram sedikit
0.0,21.4,86.0,Disiram sedikit
0.0,21.0,87.0,Disiram sedikit
0.0,20.7,88.0,Disiram sedikit
0.0,20.6,89.0,Disiram sedikit
0.0,22.9,78.0,Disiram sedikit
0.0,25.5,66.0,Disiram Normal
0.0,27.0,61.0,Disiram Normal
0.0,27.8,58.0,Disiram Normal
0.0,28.3,55.0,Disiram sedikit
0.0,28.9,53.0,Disiram sedikit
0.0,28.3,59.0,Disiram sedikit
0.1,28.1,62.0,Disiram sedikit
0.4,27.1,68.0,Disiram sedikit
1.4,25.7,75.0,Tidak Disiram
1.2,24.8,80.0,Tidak Disiram
1.2,24.1,84.0,Tidak Disiram
0.3,24.5,83.0,Tidak Disiram
0.0,24.1,85.0,Disiram sedikit
0.0,23.6,88.0,Disiram sedikit
0.0,22.9,91.0,Disiram sedikit
0.0,22.3,93.0,Disiram sedikit
0.0,21.9,93.0,Disiram sedikit
0.0,21.9,90.0,Disiram sedikit
0.0,21.7,89.0,Disiram sedikit
0.0,21.5,87.0,Disiram sedikit
0.0,21.3,87.0,Disiram sedikit
0.0,21.1,87.0,Disiram sedikit
0.0,20.9,87.0,Disiram sedikit
0.0,23.5,72.0,Disiram sedikit
0.0,26.3,59.0,Disiram Normal
0.0,27.7,57.0,Disiram Normal
0.0,28.6,54.0,Disiram sedikit
0.0,28.5,55.0,Disiram sedikit
0.0,29.0,53.0,Disiram sedikit
0.1,28.6,55.0,Disiram sedikit
0.1,28.4,57.0,Disiram sedikit
0.0,27.9,57.0,Disiram Normal
0.0,27.2,60.0,Disiram Normal
0.0,26.3,65.0,Disiram Normal
0.0,25.6,69.0,Disiram Normal
0.0,25.0,71.0,Disiram sedikit
0.0,24.6,73.0,Disiram sedikit
0.0,24.4,75.0,Disiram sedikit
0.0,23.9,77.0,Disiram sedikit
0.0,23.3,80.0,Disiram sedikit
0.0,22.8,82.0,Disiram sedikit
0.0,22.3,84.0,Disiram sedikit
0.0,21.9,85.0,Disiram sedikit
0.0,21.6,85.0,Disiram sedikit
0.0,21.4,86.0,Disiram sedikit
0.0,21.2,87.0,Disiram sedikit
0.0,21.0,88.0,Disiram sedikit
0.0,22.8,81.0,Disiram sedikit
0.0,25.2,67.0,Disiram Normal
0.0,26.9,60.0,Disiram Normal
0.0,27.9,58.0,Disiram Normal
0.0,29.0,56.0,Disiram sedikit
0.1,28.8,56.0,Disiram sedikit
0.2,27.6,61.0,Disiram sedikit
0.1,26.8,66.0,Disiram sedikit
0.0,26.7,65.0,Disiram Normal
0.0,26.5,66.0,Disiram Normal
0.0,25.9,68.0,Disiram Normal
0.0,25.1,72.0,Disiram sedikit
0.0,24.2,78.0,Disiram sedikit
0.0,23.8,81.0,Disiram sedikit
0.0,23.4,83.0,Disiram sedikit
0.0,23.1,84.0,Disiram sedikit
0.0,22.6,87.0,Disiram sedikit
0.0,22.3,89.0,Disiram sedikit
0.0,21.7,88.0,Disiram sedikit
0.0,21.4,88.0,Disiram sedikit
0.0,21.0,90.0,Disiram sedikit
0.0,20.5,92.0,Disiram sedikit
0.0,20.0,93.0,Disiram sedikit
0.0,19.9,91.0,Disiram sedikit
0.0,22.5,85.0,Disiram sedikit
0.0,25.3,65.0,Disiram Normal
0.0,27.0,57.0,Disiram Normal
0.0,28.0,53.0,Disiram sedikit
0.0,28.5,51.0,Disiram sedikit
0.0,29.0,51.0,Disiram sedikit
0.0,27.5,59.0,Disiram Normal
0.0,27.6,60.0,Disiram Normal
0.0,26.2,68.0,Disiram Normal
0.0,25.4,73.0,Disiram sedikit
0.0,24.8,75.0,Disiram sedikit
0.0,24.1,80.0,Disiram sedikit
0.0,23.3,84.0,Disiram sedikit
0.0,22.9,88.0,Disiram sedikit
0.0,22.6,89.0,Disiram sedikit
0.0,22.4,90.0,Disiram sedikit
0.0,21.9,92.0,Disiram sedikit
0.0,21.3,95.0,Disiram sedikit
0.0,20.2,100.0,Disiram sedikit
0.0,20.0,100.0,Disiram sedikit
0.0,19.9,100.0,Disiram sedikit
0.0,19.7,100.0,Disiram sedikit
0.0,19.4,100.0,Disiram sedikit
0.0,19.5,98.0,Disiram sedikit
0.0,21.5,91.0,Disiram sedikit
0.0,23.8,79.0,Disiram sedikit
0.0,25.9,69.0,Disiram Normal
0.0,27.2,63.0,Disiram Normal
0.0,28.2,58.0,Disiram sedikit
0.0,28.6,55.0,Disiram sedikit
0.0,28.5,56.0,Disiram sedikit
0.0,27.5,62.0,Disiram Normal
0.1,26.6,70.0,Disiram sedikit
1.0,25.4,76.0,Tidak Disiram
0.1,24.9,79.0,Disiram sedikit
1.1,24.2,84.0,Tidak Disiram
1.8,23.4,87.0,Tidak Disiram
0.6,23.3,89.0,Tidak Disiram
0.0,23.2,90.0,Disiram sedikit
0.0,22.9,91.0,Disiram sedikit
0.0,22.4,94.0,Disiram sedikit
0.0,22.0,96.0,Disiram sedikit
0.0,21.6,99.0,Disiram sedikit
0.0,21.3,100.0,Disiram sedikit
0.0,21.2,100.0,Disiram sedikit
0.0,21.1,100.0,Disiram sedikit
0.0,21.0,99.0,Disiram sedikit
0.0,20.8,100.0,Disiram sedikit
0.0,22.0,94.0,Disiram sedikit
0.0,24.3,81.0,Disiram sedikit
0.0,26.5,66.0,Disiram Normal
0.0,27.3,60.0,Disiram Normal
0.0,27.9,56.0,Disiram Normal
0.0,28.4,55.0,Disiram sedikit
0.0,28.5,61.0,Disiram sedikit
0.1,26.8,69.0,Disiram sedikit
0.1,26.1,71.0,Disiram sedikit
0.0,25.6,73.0,Disiram sedikit
0.0,25.2,75.0,Disiram sedikit
0.0,24.4,80.0,Disiram sedikit
0.0,23.5,85.0,Disiram sedikit
0.0,23.2,88.0,Disiram sedikit
0.0,23.0,89.0,Disiram sedikit
0.0,22.9,90.0,Disiram sedikit
0.0,22.7,90.0,Disiram sedikit
0.0,22.6,91.0,Disiram sedikit
0.0,22.1,91.0,Disiram sedikit
0.0,21.8,92.0,Disiram sedikit
0.0,21.7,92.0,Disiram sedikit
0.0,21.8,91.0,Disiram sedikit
0.0,21.6,90.0,Disiram sedikit
0.0,21.4,92.0,Disiram sedikit
0.0,22.6,85.0,Disiram sedikit
0.0,24.6,77.0,Disiram sedikit
0.0,25.6,66.0,Disiram Normal
0.0,26.6,63.0,Disiram Normal
0.0,27.8,58.0,Disiram Normal
0.0,28.7,54.0,Disiram sedikit
0.0,28.4,53.0,Disiram sedikit
0.0,28.4,53.0,Disiram sedikit
0.0,27.9,55.0,Disiram Normal
0.0,27.7,56.0,Disiram Normal
0.0,27.0,59.0,Disiram Normal
0.0,25.8,66.0,Disiram Normal
0.0,25.2,66.0,Disiram Normal
0.0,24.5,69.0,Disiram sedikit
0.0,23.7,72.0,Disiram sedikit
0.0,23.5,73.0,Disiram sedikit
0.0,23.3,72.0,Disiram sedikit
0.0,22.9,73.0,Disiram sedikit
0.0,22.5,73.0,Disiram sedikit
0.0,22.0,76.0,Disiram sedikit
0.0,21.5,79.0,Disiram sedikit
0.0,20.8,84.0,Disiram sedikit
0.0,20.5,87.0,Disiram sedikit
0.0,20.4,88.0,Disiram sedikit
0.0,21.9,82.0,Disiram sedikit
0.0,24.1,70.0,Disiram sedikit
0.0,25.5,62.0,Disiram Normal
0.0,26.8,60.0,Disiram Normal
0.0,28.1,53.0,Disiram sedikit
0.0,28.6,51.0,Disiram sedikit
0.0,28.5,50.0,Disiram sedikit
0.0,28.1,52.0,Disiram sedikit
0.2,26.2,67.0,Disiram sedikit
0.1,26.1,68.0,Disiram sedikit
0.0,25.9,68.0,Disiram Normal
0.0,25.4,70.0,Disiram sedikit
0.0,24.3,79.0,Disiram sedikit
0.0,23.7,84.0,Disiram sedikit
0.0,23.2,89.0,Disiram sedikit
0.0,22.9,91.0,Disiram sedikit
0.0,22.6,93.0,Disiram sedikit
0.0,22.1,95.0,Disiram sedikit
0.0,21.6,96.0,Disiram sedikit
0.0,21.4,97.0,Disiram sedikit
0.0,21.4,97.0,Disiram sedikit
0.0,21.3,97.0,Disiram sedikit
0.0,21.0,98.0,Disiram sedikit
0.0,20.9,98.0,Disiram sedikit
0.0,22.4,92.0,Disiram sedikit
0.0,23.9,82.0,Disiram sedikit
0.0,25.3,74.0,Disiram sedikit
0.0,26.3,69.0,Disiram Normal
0.0,26.7,68.0,Disiram Normal
0.0,26.7,69.0,Disiram Normal
0.3,26.5,70.0,Disiram sedikit
0.1,26.3,72.0,Disiram sedikit
0.4,25.7,75.0,Tidak Disiram
0.3,25.3,76.0,Tidak Disiram
0.4,24.7,78.0,Tidak Disiram
0.4,24.2,81.0,Tidak Disiram
0.2,23.8,83.0,Disiram sedikit
0.2,23.5,84.0,Disiram sedikit
0.2,23.2,87.0,Disiram sedikit
0.2,22.9,88.0,Disiram sedikit
0.3,22.5,90.0,Tidak Disiram
0.0,22.3,92.0,Disiram sedikit
0.0,22.3,90.0,Disiram sedikit
0.0,22.0,90.0,Disiram sedikit
0.0,21.9,89.0,Disiram sedikit
0.0,21.8,88.0,Disiram sedikit
0.0,21.7,88.0,Disiram sedikit
0.0,21.4,90.0,Disiram sedikit
0.0,22.5,78.0,Disiram sedikit
0.0,24.4,68.0,Disiram sedikit
0.0,26.4,59.0,Disiram Normal
0.0,28.2,53.0,Disiram sedikit
0.0,29.2,52.0,Disiram sedikit
0.0,29.4,51.0,Disiram sedikit
0.0,28.7,55.0,Disiram sedikit
0.0,29.1,53.0,Disiram sedikit
0.2,28.0,58.0,Disiram sedikit
0.1,27.3,62.0,Disiram sedikit
0.0,26.8,64.0,Disiram Normal
0.0,26.2,67.0,Disiram Normal
0.0,25.2,72.0,Disiram sedikit
0.0,24.7,74.0,Disiram sedikit
0.0,23.7,81.0,Disiram sedikit
0.0,22.9,86.0,Disiram sedikit
0.0,22.1,90.0,Disiram sedikit
0.0,21.3,93.0,Disiram sedikit
0.0,21.1,89.0,Disiram sedikit
0.0,20.9,89.0,Disiram sedikit
0.0,20.7,89.0,Disiram sedikit
0.0,20.2,90.0,Disiram sedikit
0.0,19.6,91.0,Disiram sedikit
0.0,19.1,92.0,Disiram sedikit
0.0,20.9,86.0,Disiram sedikit
0.0,24.3,64.0,Disiram sedikit
0.0,26.4,54.0,Disiram Normal
0.0,28.1,47.0,Disiram Banyak
0.0,29.2,44.0,Disiram Banyak
0.0,29.7,46.0,Disiram Banyak
0.0,29.7,49.0,Disiram Banyak
0.0,29.8,48.0,Disiram Banyak
0.0,29.8,47.0,Disiram Banyak
0.0,29.5,47.0,Disiram Banyak
0.0,28.6,51.0,Disiram sedikit
0.0,27.1,57.0,Disiram Normal
0.0,25.5,66.0,Disiram Normal
0.0,24.4,74.0,Disiram sedikit
0.0,23.5,80.0,Disiram sedikit
0.0,22.9,83.0,Disiram sedikit
0.0,22.1,86.0,Disiram sedikit
0.0,21.1,89.0,Disiram sedikit
0.0,20.7,90.0,Disiram sedikit
0.0,20.5,89.0,Disiram sedikit
0.0,20.2,89.0,Disiram sedikit
0.0,20.2,88.0,Disiram sedikit
0.0,20.2,88.0,Disiram sedikit
0.0,20.4,87.0,Disiram sedikit
0.0,21.6,80.0,Disiram sedikit
0.0,23.8,74.0,Disiram sedikit
0.0,26.0,62.0,Disiram Normal
0.0,27.5,53.0,Disiram Normal
0.0,28.4,49.0,Disiram Banyak
0.0,28.9,47.0,Disiram Banyak
0.0,29.0,49.0,Disiram Banyak
0.0,28.5,52.0,Disiram sedikit
0.0,28.3,54.0,Disiram sedikit
0.1,27.3,60.0,Disiram sedikit
0.0,26.4,65.0,Disiram Normal
0.0,25.6,69.0,Disiram Normal
0.0,25.1,73.0,Disiram sedikit
0.0,24.9,74.0,Disiram sedikit
0.0,24.2,79.0,Disiram sedikit
0.0,23.6,85.0,Disiram sedikit
0.0,23.3,87.0,Disiram sedikit
0.0,23.0,88.0,Disiram sedikit
0.0,22.7,91.0,Disiram sedikit
0.0,22.3,94.0,Disiram sedikit
0.0,22.2,94.0,Disiram sedikit
0.0,22.0,94.0,Disiram sedikit
0.0,21.6,95.0,Disiram sedikit
0.0,21.3,96.0,Disiram sedikit
0.0,22.6,88.0,Disiram sedikit
0.0,24.4,78.0,Disiram sedikit
0.0,26.1,70.0,Disiram sedikit
0.0,27.3,63.0,Disiram Normal
0.0,28.3,57.0,Disiram sedikit
0.0,28.7,55.0,Disiram sedikit
0.0,28.8,53.0,Disiram sedikit
0.1,27.2,63.0,Disiram sedikit
0.1,26.7,67.0,Disiram sedikit
0.1,26.7,68.0,Disiram sedikit
0.8,26.1,74.0,Tidak Disiram
2.3,25.4,77.0,Tidak Disiram
2.7,24.6,80.0,Tidak Disiram
2.6,24.1,83.0,Tidak Disiram
2.0,23.7,85.0,Tidak Disiram
1.5,23.3,87.0,Tidak Disiram
0.4,23.0,88.0,Tidak Disiram
0.4,22.8,88.0,Tidak Disiram
0.0,22.7,89.0,Disiram sedikit
0.0,22.6,90.0,Disiram sedikit
0.0,22.4,91.0,Disiram sedikit
0.0,22.2,93.0,Disiram sedikit
0.0,22.0,93.0,Disiram sedikit
0.0,22.0,93.0,Disiram sedikit
0.0,22.7,89.0,Disiram sedikit
0.0,23.7,83.0,Disiram sedikit
0.0,24.9,76.0,Disiram sedikit
0.0,25.9,70.0,Disiram sedikit
0.1,26.6,67.0,Disiram sedikit
0.1,27.0,65.0,Disiram sedikit
0.1,27.2,65.0,Disiram sedikit
0.1,26.9,68.0,Disiram sedikit
0.1,26.3,72.0,Disiram sedikit
0.1,25.7,76.0,Disiram sedikit
1.5,25.1,79.0,Tidak Disiram
1.5,24.5,82.0,Tidak Disiram
1.5,24.0,84.0,Tidak Disiram
1.7,23.6,86.0,Tidak Disiram
1.7,23.3,87.0,Tidak Disiram
1.7,23.0,88.0,Tidak Disiram
0.1,22.8,89.0,Disiram sedikit
0.1,22.7,90.0,Disiram sedikit
0.1,22.6,91.0,Disiram sedikit
0.0,22.5,91.0,Disiram sedikit
0.0,22.3,92.0,Disiram sedikit
0.0,22.3,91.0,Disiram sedikit
0.0,22.3,90.0,Disiram sedikit
0.0,22.4,88.0,Disiram sedikit
0.0,22.9,85.0,Disiram sedikit
0.0,24.1,79.0,Disiram sedikit
0.0,25.6,72.0,Disiram sedikit
0.0,26.7,67.0,Disiram Normal
0.1,27.0,67.0,Disiram sedikit
0.1,26.9,70.0,Disiram sedikit
0.1,26.7,72.0,Disiram sedikit
0.5,26.6,73.0,Tidak Disiram
0.5,26.4,73.0,Tidak Disiram
0.5,26.1,75.0,Tidak Disiram
1.7,25.4,79.0,Tidak Disiram
1.7,24.4,83.0,Tidak Disiram
1.7,23.7,87.0,Tidak Disiram
0.5,23.4,89.0,Tidak Disiram
0.5,23.2,90.0,Tidak Disiram
0.5,23.0,91.0,Tidak Disiram
0.0,22.8,92.0,Disiram sedikit
0.0,22.6,94.0,Disiram sedikit
0.0,22.5,95.0,Disiram sedikit
0.0,22.4,95.0,Disiram sedikit
0.0,22.0,96.0,Disiram sedikit
0.0,21.9,96.0,Disiram sedikit
0.0,21.9,94.0,Disiram sedikit
0.0,22.1,91.0,Disiram sedikit
0.0,22.8,87.0,Disiram sedikit
0.0,24.1,80.0,Disiram sedikit
0.0,25.9,71.0,Disiram sedikit
0.0,27.2,65.0,Disiram Normal
0.0,27.8,63.0,Disiram Normal
0.0,28.0,62.0,Disiram sedikit
0.0,27.8,64.0,Disiram Normal
1.5,27.4,68.0,Disiram sedikit
1.5,26.6,73.0,Tidak Disiram
1.5,25.9,78.0,Tidak Disiram
0.8,25.1,82.0,Tidak Disiram
0.8,24.3,85.0,Tidak Disiram
0.8,23.7,87.0,Tidak Disiram
0.0,23.5,88.0,Disiram sedikit
0.0,23.6,88.0,Disiram sedikit
0.0,23.6,89.0,Disiram sedikit
0.0,23.4,90.0,Disiram sedikit
0.0,23.2,92.0,Disiram sedikit
0.0,23.0,93.0,Disiram sedikit
0.0,22.6,95.0,Disiram sedikit
0.0,22.2,97.0,Disiram sedikit
0.0,21.9,97.0,Disiram sedikit
0.0,21.9,96.0,Disiram sedikit
0.0,22.1,93.0,Disiram sedikit
0.0,22.7,88.0,Disiram sedikit
0.0,24.1,80.0,Disiram sedikit
0.0,25.9,70.0,Disiram sedikit
0.0,27.3,63.0,Disiram Normal
0.0,28.0,59.0,Disiram sedikit
0.0,28.2,58.0,Disiram sedikit
0.0,28.3,58.0,Disiram sedikit
0.3,28.2,61.0,Disiram sedikit
0.3,27.8,66.0,Disiram sedikit
0.3,27.3,71.0,Disiram sedikit
1.6,26.6,75.0,Tidak Disiram
1.6,25.6,79.0,Tidak Disiram
1.6,24.8,83.0,Tidak Disiram
1.0,24.2,86.0,Tidak Disiram
1.0,23.7,88.0,Tidak Disiram
1.0,23.3,90.0,Tidak Disiram
0.0,23.1,92.0,Disiram sedikit
0.0,22.9,93.0,Disiram sedikit
0.0,22.7,94.0,Disiram sedikit
0.0,22.5,95.0,Disiram sedikit
0.0,22.3,97.0,Disiram sedikit
0.0,22.2,97.0,Disiram sedikit
0.0,22.3,95.0,Disiram sedikit
0.0,22.5,92.0,Disiram sedikit
0.0,22.7,90.0,Disiram sedikit
0.1,22.2,86.0,Disiram sedikit
0.1,23.5,82.0,Disiram sedikit
0.1,24.5,78.0,Disiram sedikit
0.2,25.3,74.0,Disiram sedikit
0.2,25.9,71.0,Disiram sedikit
0.2,26.0,71.0,Disiram sedikit
0.7,25.1,76.0,Tidak Disiram
0.7,23.7,84.0,Tidak Disiram
0.7,22.5,91.0,Tidak Disiram
0.4,21.8,94.0,Tidak Disiram
0.4,21.2,95.0,Tidak Disiram
0.4,20.8,96.0,Tidak Disiram
0.3,20.6,97.0,Tidak Disiram
0.3,20.4,97.0,Tidak Disiram
0.3,20.3,97.0,Tidak Disiram
0.0,20.2,97.0,Disiram sedikit
0.0,20.2,96.0,Disiram sedikit
0.0,20.1,95.0,Disiram sedikit
0.0,19.9,94.0,Disiram sedikit
0.0,19.7,93.0,Disiram sedikit
0.0,19.8,92.0,Disiram sedikit
0.0,20.1,91.0,Disiram sedikit
0.0,20.6,89.0,Disiram sedikit
0.0,21.4,87.0,Disiram sedikit
0.1,22.6,82.0,Disiram sedikit
0.1,24.0,77.0,Disiram sedikit
0.1,25.1,73.0,Disiram sedikit
0.4,25.6,72.0,Tidak Disiram
0.4,25.8,72.0,Tidak Disiram
0.4,25.5,75.0,Tidak Disiram
0.5,24.4,81.0,Tidak Disiram
0.5,22.9,88.0,Tidak Disiram
0.5,21.7,94.0,Tidak Disiram
0.6,21.2,95.0,Tidak Disiram
0.6,21.0,95.0,Tidak Disiram
0.6,20.9,94.0,Tidak Disiram
0.5,20.8,94.0,Tidak Disiram
0.5,20.7,94.0,Tidak Disiram
0.5,20.6,94.0,Tidak Disiram
0.1,20.3,94.0,Disiram sedikit
0.1,20.1,94.0,Disiram sedikit
0.1,19.9,94.0,Disiram sedikit
0.1,19.8,94.0,Disiram sedikit
0.1,19.7,94.0,Disiram sedikit
0.1,19.9,94.0,Disiram sedikit
0.0,20.2,93.0,Disiram sedikit
0.0,20.8,92.0,Disiram sedikit
0.0,21.5,90.0,Disiram sedikit
0.3,22.8,85.0,Tidak Disiram
0.3,24.3,80.0,Tidak Disiram
0.3,25.4,76.0,Tidak Disiram
0.3,25.6,76.0,Tidak Disiram
0.3,25.4,77.0,Tidak Disiram
0.3,24.9,79.0,Tidak Disiram
0.6,24.4,81.0,Tidak Disiram
0.6,23.6,85.0,Tidak Disiram
0.6,22.9,87.0,Tidak Disiram
0.2,22.1,88.0,Disiram sedikit
0.2,21.4,89.0,Disiram sedikit
0.2,20.8,90.0,Disiram sedikit
0.0,20.5,91.0,Disiram sedikit
0.0,20.3,91.0,Disiram sedikit
0.0,20.2,92.0,Disiram sedikit
0.0,20.0,93.0,Disiram sedikit
0.0,19.9,93.0,Disiram sedikit
0.0,19.8,94.0,Disiram sedikit
0.1,19.6,95.0,Disiram sedikit
0.1,19.5,95.0,Disiram sedikit
0.1,19.7,95.0,Disiram sedikit
0.0,20.1,94.0,Disiram sedikit
0.0,20.8,92.0,Disiram sedikit
0.0,21.6,89.0,Disiram sedikit
0.0,22.8,84.0,Disiram sedikit
0.0,24.2,78.0,Disiram sedikit
0.0,25.4,73.0,Disiram sedikit
0.0,26.1,69.0,Disiram Normal
0.0,26.6,65.0,Disiram Normal
0.0,26.7,64.0,Disiram Normal
0.1,26.4,67.0,Disiram sedikit
0.1,25.7,72.0,Disiram sedikit
0.1,24.8,78.0,Disiram sedikit
0.2,23.6,83.0,Disiram sedikit
0.2,22.3,89.0,Disiram sedikit
0.2,21.3,93.0,Disiram sedikit
0.2,20.9,96.0,Disiram sedikit
0.2,20.7,97.0,Disiram sedikit
0.2,20.6,98.0,Disiram sedikit
0.1,20.4,98.0,Disiram sedikit
0.1,20.3,98.0,Disiram sedikit
0.1,20.2,98.0,Disiram sedikit
0.0,20.1,98.0,Disiram sedikit
0.0,20.0,97.0,Disiram sedikit
0.0,20.1,96.0,Disiram sedikit
0.1,20.5,94.0,Disiram sedikit
0.1,21.1,92.0,Disiram sedikit
0.1,21.9,89.0,Disiram sedikit
0.1,23.3,83.0,Disiram sedikit
0.1,24.9,77.0,Disiram sedikit
0.1,26.1,72.0,Disiram sedikit
0.4,26.5,71.0,Tidak Disiram
0.4,26.4,72.0,Tidak Disiram
0.4,26.0,74.0,Tidak Disiram
0.9,25.4,77.0,Tidak Disiram
0.9,24.6,81.0,Tidak Disiram
0.9,23.7,85.0,Tidak Disiram
1.4,22.8,89.0,Tidak Disiram
1.4,21.9,93.0,Tidak Disiram
1.4,21.1,96.0,Tidak Disiram
9.3,20.7,98.0,Tidak Disiram
9.3,20.5,99.0,Tidak Disiram
9.3,20.3,99.0,Tidak Disiram
1.2,20.0,98.0,Tidak Disiram
1.2,19.8,96.0,Tidak Disiram
1.2,19.6,95.0,Tidak Disiram
0.1,19.4,94.0,Disiram sedikit
0.1,19.2,94.0,Disiram sedikit
0.1,19.2,93.0,Disiram sedikit
0.0,19.4,93.0,Disiram sedikit
0.0,19.7,92.0,Disiram sedikit
0.0,20.4,90.0,Disiram sedikit
0.0,21.8,84.0,Disiram sedikit
0.0,23.5,77.0,Disiram sedikit
0.0,24.9,71.0,Disiram sedikit
0.1,25.7,68.0,Disiram sedikit
0.1,26.2,68.0,Disiram sedikit
0.1,26.2,69.0,Disiram sedikit
0.5,25.6,73.0,Tidak Disiram
0.5,24.6,80.0,Tidak Disiram
0.5,23.6,85.0,Tidak Disiram
0.7,22.7,89.0,Tidak Disiram
0.7,21.8,92.0,Tidak Disiram
0.7,21.2,94.0,Tidak Disiram
0.8,20.8,96.0,Tidak Disiram
0.8,20.7,96.0,Tidak Disiram
0.8,20.6,97.0,Tidak Disiram
0.9,20.5,98.0,Tidak Disiram
0.9,20.4,98.0,Tidak Disiram
0.9,20.3,98.0,Tidak Disiram
0.1,20.1,98.0,Disiram sedikit
0.1,19.9,97.0,Disiram sedikit
0.1,20.0,96.0,Disiram sedikit
0.0,20.3,95.0,Disiram sedikit
0.0,20.8,93.0,Disiram sedikit
0.0,21.6,90.0,Disiram sedikit
0.1,22.9,85.0,Disiram sedikit
0.1,24.4,80.0,Disiram sedikit
0.1,25.4,77.0,Disiram sedikit
0.8,25.3,78.0,Tidak Disiram
0.8,24.7,81.0,Tidak Disiram
0.8,24.0,85.0,Tidak Disiram
0.8,23.2,88.0,Tidak Disiram
0.8,22.3,92.0,Tidak Disiram
0.8,21.6,94.0,Tidak Disiram
0.5,21.3,94.0,Tidak Disiram
0.5,21.2,93.0,Tidak Disiram
0.5,21.0,93.0,Tidak Disiram
2.6,20.7,95.0,Tidak Disiram
2.6,20.4,97.0,Tidak Disiram
2.6,20.2,99.0,Tidak Disiram
8.5,20.2,99.0,Tidak Disiram
8.5,20.2,99.0,Tidak Disiram
8.5,20.2,99.0,Tidak Disiram
0.4,20.0,99.0,Tidak Disiram
0.4,19.7,99.0,Tidak Disiram
0.4,19.7,98.0,Tidak Disiram
0.0,19.9,97.0,Disiram sedikit
0.0,20.2,95.0,Disiram sedikit
0.0,20.9,92.0,Disiram sedikit
0.0,22.2,87.0,Disiram sedikit
0.0,23.7,81.0,Disiram sedikit
0.0,24.8,77.0,Disiram sedikit
0.5,24.9,78.0,Tidak Disiram
0.5,24.5,82.0,Tidak Disiram
0.5,24.0,86.0,Tidak Disiram
0.7,23.5,88.0,Tidak Disiram
0.7,23.0,90.0,Tidak Disiram
0.7,22.5,91.0,Tidak Disiram
1.1,22.1,91.0,Tidak Disiram
1.1,21.7,92.0,Tidak Disiram
1.1,21.3,92.0,Tidak Disiram
0.9,21.0,93.0,Tidak Disiram
0.9,20.7,95.0,Tidak Disiram
0.9,20.5,97.0,Tidak Disiram
5.7,20.4,98.0,Tidak Disiram
5.7,20.2,99.0,Tidak Disiram
5.7,20.2,99.0,Tidak Disiram
2.4,20.2,98.0,Tidak Disiram
2.4,20.3,96.0,Tidak Disiram
2.4,20.4,95.0,Tidak Disiram
0.4,20.4,95.0,Tidak Disiram
0.4,20.3,96.0,Tidak Disiram
0.4,20.4,96.0,Tidak Disiram
0.5,20.9,94.0,Tidak Disiram
0.5,21.6,90.0,Tidak Disiram
0.5,22.4,87.0,Tidak Disiram
0.4,23.4,84.0,Tidak Disiram
0.4,24.5,81.0,Tidak Disiram
0.4,25.0,80.0,Tidak Disiram
0.7,24.6,82.0,Tidak Disiram
0.7,23.7,87.0,Tidak Disiram
0.7,22.8,90.0,Tidak Disiram
0.6,22.2,91.0,Tidak Disiram
0.6,21.6,92.0,Tidak Disiram
0.6,21.2,92.0,Tidak Disiram
0.5,21.0,92.0,Tidak Disiram
0.5,21.0,93.0,Tidak Disiram
0.5,20.9,93.0,Tidak Disiram
0.2,20.7,93.0,Disiram sedikit
